word_pos_lemma_id	F
com_CON_subord_come1_w_alexo_s7813_6 a_PRE_a3_a_w_alexo_s7813_7	1
com_CON_subord_come1_w_alia_s10018_7 ert_VER_impf_3_sg_estre1_estre_w_alia_s10018_8	1
com_CON_subord_come1_w_alia_s10032_1 ert_VER_impf_3_sg_estre1_estre_w_alia_s10032_2	1
com_CON_subord_come1_w_alia_s10324_7 arpens_NOM_suj_masc_sg_arpent_w_alia_s10324_8	1
com_CON_subord_come1_w_alia_s10332_5 asne_NOM_suj_masc_pl_aisne_asne_w_alia_s10332_6	1
com_CON_subord_come1_w_alia_s10864_8 oi_ADV_avoir_öir_w_alia_s10864_9	1
com_CON_subord_come1_w_amad_s11702_7 ymage_NOM_suj_femi_sg_image_w_amad_s11702_8	1
com_CON_subord_come1_w_amad_s11711_37 el_PRO_pers_suj_3_femi_sg_il_w_amad_s11711_38	1
com_CON_subord_come1_w_amad_s11757_22 amors_NOM_suj_femi_sg_amor_amors_w_amad_s11757_23	1
com_CON_subord_come1_w_amad_s11768_22 amadas_NPR_suj_masc_sg_amadas_w_amad_s11768_23	1
com_CON_subord_come1_w_amad_s11832_17 as_VER_pres_2_sg_avoir_w_amad_s11832_18	1
com_CON_subord_come1_w_amad_s12069_5 ydoine_NPR_obj_femi_sg_idoine_w_amad_s12069_6	1
com_CON_subord_come1_w_amad_s12073_17 est_VER_pres_3_sg_ester_estre1_w_amad_s12073_18	1
com_CON_subord_come1_w_amad_s12097_9 a_PRE_a3_a_w_amad_s12097_10	1
com_CON_subord_come1_w_amad_s12099_21 a_PRE_a3_a_w_amad_s12099_22	1
com_CON_subord_come1_w_amad_s12164_10 a_PRE_a3_a_w_amad_s12164_11	1
com_CON_subord_come1_w_amad_s12219_14 ot_VER_simp_3_sg_avoir_öir_w_amad_s12219_15	1
com_CON_subord_come1_w_amad_s12219_4 a_PRE_a3_a_w_amad_s12219_5	1
com_CON_subord_come1_w_amad_s12223_4 ele_PRO_pers_suj_3_femi_sg_ele_il_w_amad_s12223_5	1
com_CON_subord_come1_w_amad_s12252_18 esragiés_VER_pper_masc_pl_esrachier2_esragier_w_amad_s12252_19	1
com_CON_subord_come1_w_amad_s12282_18 ele_PRO_pers_suj_3_femi_sg_ele_il_w_amad_s12282_19	1
com_CON_subord_come1_w_amad_s12301_12 a_VER_pres_3_sg_a3_a_w_amad_s12301_13	1
com_CON_subord_come1_w_amad_s12301_7 a_VER_pres_3_sg_a3_a_w_amad_s12301_8	1
com_CON_subord_come1_w_amad_s12316_16 el_PRO_pers_suj_3_femi_sg_en1+le_w_amad_s12316_17	1
com_CON_subord_come1_w_amad_s12341_17 el_PRO_pers_suj_3_femi_pl_il_w_amad_s12341_18	1
com_CON_subord_come1_w_amad_s12368_10 entrerent_VER_simp_3_pl_entrer_w_amad_s12368_11	1
com_CON_subord_come1_w_amo_s13889_4 en_PRE_en2_en_w_amo_s13889_5	1
com_CON_subord_come1_w_amo_s14069_1 on_PRO_invar_on_w_amo_s14069_2	1
com_CON_subord_come1_w_amo_s14287_2 en_PRE_en2_en_w_amo_s14287_3	1
com_CON_subord_come1_w_amou_s15778_5 ele_PRO_pers_suj_3_femi_sg_ele_il_w_amou_s15778_6	1
com_CON_subord_come1_w_amou_s16034_3 esperis_NOM_suj_masc_sg_esperit_w_amou_s16034_4	1
com_CON_subord_come1_w_amou_s16106_1 a_PRE_a3_a_w_amou_s16106_2	1
com_CON_subord_come1_w_amou_s16240_4 a_PRE_a3_a_w_amou_s16240_5	1
com_CON_subord_come1_w_amou_s16305_2 est_VER_pres_3_sg_ester_estre1_w_amou_s16305_3	1
com_CON_subord_come1_w_amou_s17997_3 oisel_NOM_suj_masc_sg_oisel_w_amou_s17997_4	1
com_CON_subord_come1_w_amou_s18027_2 au_PREDET_a_obj_masc_sg_a+le_le_w_amou_s18027_3	1
com_CON_subord_come1_w_amou_s18030_2 on_PRO_invar_on_w_amou_s18030_3	1
com_CON_subord_come1_w_anth_s18266_3 elles_PRO_pers_suj_3_femi_pl_ele_il_w_anth_s18266_4	1
com_CON_subord_come1_w_anth_s18691_4 ele_PRO_pers_suj_3_femi_sg_ele_il_w_anth_s18691_5	1
com_CON_subord_come1_w_anth_s18811_6 ele_PRO_pers_suj_3_femi_sg_ele_il_w_anth_s18811_7	1
com_CON_subord_come1_w_anth_s18994_6 a_PRE_a3_a_w_anth_s18994_7	1
com_CON_subord_come1_w_arr_s23778_4 ele_PRO_pers_suj_3_femi_sg_ele_il_w_arr_s23778_5	1
com_CON_subord_come1_w_athi_s24200_1 ele_PRO_pers_suj_3_femi_sg_ele_il_w_athi_s24200_2	1
com_CON_subord_come1_w_athi_s25305_2 erent_VER_impf_3_pl_arer_arer_estre1_w_athi_s25305_3	1
com_CON_subord_come1_w_athi_s27131_4 a_PRE_a3_a_w_athi_s27131_5	1
com_CON_subord_come1_w_athi_s27132_1 a_PRE_a3_a_w_athi_s27132_2	1
com_CON_subord_come1_w_atre_s27611_3 onques_ADV_onque_w_atre_s27611_4	1
com_CON_subord_come1_w_atre_s27639_2 el_PRO_pers_suj_3_femi_sg_il_w_atre_s27639_3	1
com_CON_subord_come1_w_bar_s31333_2 on_PRO_invar_on_w_bar_s31333_3	1
com_CON_subord_come1_w_barril_s33301_1 achater_VER_infi_achater_enchater_w_barril_s33301_2	1
com_CON_subord_come1_w_benoit_s38762_2 eles_PRO_pers_suj_3_femi_pl_ele_il_w_benoit_s38762_3	1
com_CON_subord_come1_w_benoit_s39397_2 en_PRE_en1_en_w_benoit_s39397_3	1
com_CON_subord_come1_w_benoit_s39595_1 or_ADV_or4_or_w_benoit_s39595_2	1
com_CON_subord_come1_w_benoit_s39634_1 or_ADV_or4_or_w_benoit_s39634_2	1
com_CON_subord_come1_w_benoit_s39828_1 a_PRE_a3_a_w_benoit_s39828_2	1
com_CON_subord_come1_w_benoit_s39894_2 a_PRE_a3_a_w_benoit_s39894_3	1
com_CON_subord_come1_w_benoit_s40928_2 avant_PRE_avant_w_benoit_s40928_3	1
com_CON_subord_come1_w_besant_s44304_1 orphenins_NOM_obj_masc_pl_UNKNOWN_w_besant_s44304_2	1
com_CON_subord_come1_w_best_s44371_3 adam_NPR_suj_masc_sg_adam_w_best_s44371_4	1
com_CON_subord_come1_w_best_s44410_1 apres_PRE_apres_après_w_best_s44410_2	1
com_CON_subord_come1_w_best_s44421_1 ele_PRO_pers_suj_3_femi_sg_ele_il_w_best_s44421_2	1
com_CON_subord_come1_w_best_s44425_1 el_PRO_pers_suj_3_femi_sg_il_w_best_s44425_2	1
com_CON_subord_come1_w_best_s45018_1 avoltre_NOM_obj_masc_sg_UNKNOWN_w_best_s45018_2	1
com_CON_subord_come1_w_best_s45297_3 est_VER_pres_3_sg_ester_estre1_w_best_s45297_4	1
com_CON_subord_come1_w_best_s45374_4 oisel_NOM_suj_masc_sg_oisel_w_best_s45374_5	1
com_CON_subord_come1_w_best_s45557_1 en_PRE_en1_en_w_best_s45557_2	1
com_CON_subord_come1_w_best_s45706_4 alemele_NOM_obj_femi_sg_alemele_lamele_lemele_w_best_s45706_5	1
com_CON_subord_come1_w_best_s45985_2 en_PRE_en1_en_w_best_s45985_3	1
com_CON_subord_come1_w_best_s46556_1 en_PRE_en1_en_w_best_s46556_2	1
com_CON_subord_come1_w_best_s46631_1 est_VER_pres_3_sg_ester_estre1_w_best_s46631_2	1
com_CON_subord_come1_w_best_s46879_3 a_VER_pres_3_sg_a3_a_w_best_s46879_4	1
com_CON_subord_come1_w_best_s46888_4 en_PRE_en2_en_w_best_s46888_5	1
com_CON_subord_come1_w_best_s47332_6 a_VER_pres_3_sg_a3_a_w_best_s47332_7	1
com_CON_subord_come1_w_best_s47924_2 a_PRE_a3_a_w_best_s47924_3	1
com_CON_subord_come1_w_best_s47929_2 est_VER_pres_3_sg_ester_estre1_w_best_s47929_3	1
com_CON_subord_come1_w_calex_s51899_3 a_PRE_a3_a_w_calex_s51899_4	1
com_CON_subord_come1_w_cambrai_s53181_6 aveiz_VER_pres_2_pl_avoir_w_cambrai_s53181_7	1
com_CON_subord_come1_w_cambrai_s53975_7 a_VER_pres_3_sg_a3_a_w_cambrai_s53975_8	1
com_CON_subord_come1_w_carp_s55639_3 eles_PRO_pers_suj_3_femi_pl_ele_il_w_carp_s55639_4	1
com_CON_subord_come1_w_carp_s56537_1 ele_PRO_pers_suj_3_femi_sg_ele_il_w_carp_s56537_2	1
com_CON_subord_come1_w_carp_s57482_5 a_PRE_a3_a_w_carp_s57482_6	1
com_CON_subord_come1_w_carp_s57776_2 ele_PRO_pers_suj_3_femi_sg_ele_il_w_carp_s57776_3	1
com_CON_subord_come1_w_chastoi_s59003_1 au_PREDET_a_obj_masc_sg_a+le_le_w_chastoi_s59003_2	1
com_CON_subord_come1_w_chastoi_s59698_5 el_PRO_pers_suj_3_femi_sg_il_w_chastoi_s59698_6	1
com_CON_subord_come1_w_chastoi_s60274_1 entre_PRE_entre2_entre_w_chastoi_s60274_2	1
com_CON_subord_come1_w_chastoi_s60317_1 en_PRE_en1_en_w_chastoi_s60317_2	1
com_CON_subord_come1_w_chastoi_s60420_4 el_PRO_pers_suj_3_femi_sg_il_w_chastoi_s60420_5	1
com_CON_subord_come1_w_chastoi_s60835_1 el_PRO_pers_suj_3_femi_sg_il_w_chastoi_s60835_2	1
com_CON_subord_come1_w_chastoi_s61234_2 el_PRO_pers_suj_3_femi_sg_il_w_chastoi_s61234_3	1
com_CON_subord_come1_w_chauvency_s62102_3 ot_VER_simp_3_sg_avoir_öir_w_chauvency_s62102_4	1
com_CON_subord_come1_w_chauvency_s62124_3 en_PRE_en1_en_w_chauvency_s62124_4	1
com_CON_subord_come1_w_chauvency_s62682_5 est_VER_pres_3_sg_ester_estre1_w_chauvency_s62682_6	1
com_CON_subord_come1_w_chauvency_s62766_2 ert_VER_impf_3_sg_estre1_estre_w_chauvency_s62766_3	1
com_CON_subord_come1_w_chauvency_s62931_2 autre_ADJ_obj_masc_sg_autre_w_chauvency_s62931_3	1
com_CON_subord_come1_w_chauvency_s63043_6 esmaus_NOM_suj_masc_sg_esmal1_esmal2_w_chauvency_s63043_7	1
com_CON_subord_come1_w_chauvency_s63298_2 angles_NOM_suj_masc_sg_angele_w_chauvency_s63298_3	1
com_CON_subord_come1_w_chauvency_s63612_5 on_PRO_invar_on_w_chauvency_s63612_6	1
com_CON_subord_come1_w_chauvency_s63805_2 orandroit_ADV_endroit_orendroit_w_chauvency_s63805_3	1
com_CON_subord_come1_w_chauvency_s64040_1 a_VER_pres_3_sg_a3_a_w_chauvency_s64040_2	1
com_CON_subord_come1_w_chauvency_s64429_1 a_VER_pres_3_sg_a3_a_w_chauvency_s64429_2	1
com_CON_subord_come1_w_chret1_s64905_44 est_VER_pres_3_sg_ester_estre1_w_chret1_s64905_45	1
com_CON_subord_come1_w_chret1_s64948_11 eue_NOM_suj_femi_sg_aigue_w_chret1_s64948_12	1
com_CON_subord_come1_w_chret1_s65105_6 arbaleste_NOM_suj_femi_sg_arbaleste_w_chret1_s65105_7	1
com_CON_subord_come1_w_chret1_s65163_9 on_PRO_invar_on_w_chret1_s65163_10	1
com_CON_subord_come1_w_chret1_s65167_21 on_PRO_invar_on_w_chret1_s65167_22	1
com_CON_subord_come1_w_chret1_s65561_8 oi_VER_pper_masc_sg_avoir_öir_w_chret1_s65561_9	1
com_CON_subord_come1_w_chret1_s65704_25 a_PRE_a3_a_w_chret1_s65704_26	1
com_CON_subord_come1_w_chret1_s65723_10 est_VER_pres_3_sg_ester_estre1_w_chret1_s65723_11	1
com_CON_subord_come1_w_chret2_s66056_2 a_VER_pres_3_sg_a3_a_w_chret2_s66056_3	1
com_CON_subord_come1_w_chret2_s68132_2 avez_VER_pres_2_pl_avoir_w_chret2_s68132_3	1
com_CON_subord_come1_w_chret2_s68589_1 a_PRE_a3_a_w_chret2_s68589_2	1
com_CON_subord_come1_w_cleom_s75664_2 amis_NOM_suj_masc_sg_ami_w_cleom_s75664_3	1
com_CON_subord_come1_w_cleom_s76178_5 avisé_VER_pper_masc_sg_aviser_w_cleom_s76178_6	1
com_CON_subord_come1_w_cleom_s76722_2 en_PRE_en2_en_w_cleom_s76722_3	1
com_CON_subord_come1_w_cleom_s77287_2 au_PREDET_a_obj_masc_sg_a+le_le_w_cleom_s77287_3	1
com_CON_subord_come1_w_cleom_s77424_2 a_PRE_a3_a_w_cleom_s77424_3	1
com_CON_subord_come1_w_cleom_s77426_2 ai_VER_pres_1_sg_aidier_avoir_w_cleom_s77426_3	1
com_CON_subord_come1_w_contro_s86008_2 avez_VER_pres_2_pl_avoir_w_contro_s86008_3	1
com_CON_subord_come1_w_contro_s86027_2 est_VER_pres_3_sg_ester_estre1_w_contro_s86027_3	1
com_CON_subord_come1_w_contro_s87145_4 an_PRE_en1_en_w_contro_s87145_5	1
com_CON_subord_come1_w_contro_s87676_4 esperdue_VER_pper_femi_sg_esperdre_w_contro_s87676_5	1
com_CON_subord_come1_w_contro_s88021_2 an_PRE_en1_en_w_contro_s88021_3	1
com_CON_subord_come1_w_contro_s88188_2 estoient_VER_impf_3_pl_ester_estre1_w_contro_s88188_3	1
com_CON_subord_come1_w_contro_s88364_2 yvoire_NOM_suj_femi_sg_ivoire_w_contro_s88364_3	1
com_CON_subord_come1_w_deusamS_s94281_5 en_PRO_clit_en2_en_w_deusamS_s94281_6	1
com_CON_subord_come1_w_dole_s94682_4 en_PRE_en1_en_w_dole_s94682_5	1
com_CON_subord_come1_w_dole_s95106_3 el_PRO_pers_suj_3_femi_sg_il_w_dole_s95106_4	1
com_CON_subord_come1_w_dole_s95160_5 el_PRO_pers_suj_3_femi_sg_il_w_dole_s95160_6	1
com_CON_subord_come1_w_elie_s104201_4 al_PREDET_a_obj_masc_sg_a+le_le_w_elie_s104201_5	1
com_CON_subord_come1_w_elie_s104553_7 avon_VER_pres_1_pl_avoir_w_elie_s104553_8	1
com_CON_subord_come1_w_elie_s104775_2 or_ADV_or4_or_w_elie_s104775_3	1
com_CON_subord_come1_w_elie_s104782_7 en_PRO_clit_en2_en_w_elie_s104782_8	1
com_CON_subord_come1_w_elie_s105081_2 anste_NOM_suj_femi_sg_UNKNOWN_w_elie_s105081_3	1
com_CON_subord_come1_w_elie_s105138_1 elies_NPR_suj_masc_sg_elie_w_elie_s105138_2	1
com_CON_subord_come1_w_elie_s105153_2 est_VER_pres_3_sg_ester_estre1_w_elie_s105153_3	1
com_CON_subord_come1_w_elie_s105221_3 as_VER_pres_2_sg_avoir_w_elie_s105221_4	1
com_CON_subord_come1_w_elie_s105333_6 a_VER_pres_3_sg_a3_a_w_elie_s105333_7	1
com_CON_subord_come1_w_elie_s105567_6 ele_PRO_pers_suj_3_femi_sg_ele_il_w_elie_s105567_7	1
com_CON_subord_come1_w_elie_s105630_6 ele_PRO_pers_suj_3_femi_sg_ele_il_w_elie_s105630_7	1
com_CON_subord_come1_w_elie_s106615_6 oir_VER_infi_devoir_os3_öir_w_elie_s106615_7	1
com_CON_subord_come1_w_elie_s106675_2 anste_NOM_suj_femi_sg_UNKNOWN_w_elie_s106675_3	1
com_CON_subord_come1_w_elie_s106798_8 oi_VER_pper_masc_sg_avoir_öir_w_elie_s106798_9	1
com_CON_subord_come1_w_elie_s106799_6 avant_PRE_avant_w_elie_s106799_7	1
com_CON_subord_come1_w_eneas_s107483_2 el_PRO_pers_suj_3_femi_sg_il_w_eneas_s107483_3	1
com_CON_subord_come1_w_eneas_s107486_3 el_PRO_pers_suj_3_femi_sg_il_w_eneas_s107486_4	1
com_CON_subord_come1_w_eneas_s107549_1 a_PRE_a3_a_w_eneas_s107549_2	1
com_CON_subord_come1_w_eneas_s107748_1 avoit_VER_impf_3_sg_avoiier_avoir_w_eneas_s107748_2	1
com_CON_subord_come1_w_enf_s107846_2 en_PRE_en1_en_w_enf_s107846_3	1
com_CON_subord_come1_w_enf_s107862_1 en_PRO_clit_en2_en_w_enf_s107862_2	1
com_CON_subord_come1_w_enf_s108072_2 au_PREDET_a_obj_masc_sg_a+le_le_w_enf_s108072_3	1
com_CON_subord_come1_w_enf_s108352_2 ensemble_ADV_ensemble_w_enf_s108352_3	1
com_CON_subord_come1_w_enf_s108755_2 a_PRE_a3_a_w_enf_s108755_3	1
com_CON_subord_come1_w_enf_s109445_1 est_VER_pres_3_sg_ester_estre1_w_enf_s109445_2	1
com_CON_subord_come1_w_evrat1_s114433_4 agnelz_NOM_suj_masc_sg_agnel_w_evrat1_s114433_5	1
com_CON_subord_come1_w_evrat1_s114485_4 oevre_NOM_suj_femi_sg_uevre_w_evrat1_s114485_5	1
com_CON_subord_come1_w_evrat1_s114569_3 eles_PRO_pers_suj_3_femi_pl_ele_il_w_evrat1_s114569_4	1
com_CON_subord_come1_w_evrat1_s115601_2 en_PRE_en1_en_w_evrat1_s115601_3	1
com_CON_subord_come1_w_evrat1_s117062_5 a_PRE_a3_a_w_evrat1_s117062_6	1
com_CON_subord_come1_w_evratC2_s118877_1 abraham_NPR_suj_masc_sg_abraam_abraham_w_evratC2_s118877_2	1
com_CON_subord_come1_w_evratC2_s119204_2 en_PRE_en1_en_w_evratC2_s119204_3	1
com_CON_subord_come1_w_evratC2_s119785_4 a_PRE_a3_a_w_evratC2_s119785_5	1
com_CON_subord_come1_w_evratC2_s120086_2 abraham_NPR_suj_masc_sg_abraam_abraham_w_evratC2_s120086_3	1
com_CON_subord_come1_w_fab4c_s120277_3 auint_VER_simp_3_sg_avoir_w_fab4c_s120277_4	1
com_CON_subord_come1_w_fab4c_s120283_4 au_PREDET_a_obj_masc_sg_a+le_le_w_fab4c_s120283_5	1
com_CON_subord_come1_w_fab4c_s120370_5 en_PRE_en1_en_w_fab4c_s120370_6	1
com_CON_subord_come1_w_fab4c_s120631_3 el_PRO_pers_suj_3_femi_sg_il_w_fab4c_s120631_4	1
com_CON_subord_come1_w_fab4c_s120750_2 el_PRO_pers_suj_3_femi_sg_il_w_fab4c_s120750_3	1
com_CON_subord_come1_w_fab4e_s121450_3 elle_PRO_pers_suj_3_femi_sg_ele_il_w_fab4e_s121450_4	1
com_CON_subord_come1_w_fabb_s126043_4 au_PREDET_a_obj_masc_sg_a+le_le_w_fabb_s126043_5	1
com_CON_subord_come1_w_fabb_s126125_5 en_PRE_en1_en_w_fabb_s126125_6	1
com_CON_subord_come1_w_fabd_s127304_4 au_PREDET_a_obj_masc_sg_a+le_le_w_fabd_s127304_5	1
com_CON_subord_come1_w_fabd_s127388_6 en_PRE_en1_en_w_fabd_s127388_7	1
com_CON_subord_come1_w_fabd_s127647_2 el_PRO_pers_suj_3_femi_sg_il_w_fabd_s127647_3	1
com_CON_subord_come1_w_fabd_s127712_2 ot_VER_simp_3_sg_avoir_öir_w_fabd_s127712_3	1
com_CON_subord_come1_w_fablesC_s136005_2 el_PREDET_en_obj_masc_sg_en1+le_w_fablesC_s136005_3	1
com_CON_subord_come1_w_fablesC_s136094_1 ele_PRO_pers_suj_3_femi_sg_ele_il_w_fablesC_s136094_2	1
com_CON_subord_come1_w_fablesC_s138717_1 ele_PRO_pers_suj_3_femi_sg_ele_il_w_fablesC_s138717_2	1
com_CON_subord_come1_w_fablesC_s138723_1 ele_PRO_pers_suj_3_femi_sg_ele_il_w_fablesC_s138723_2	1
com_CON_subord_come1_w_fablesC_s138930_1 ele_PRO_pers_suj_3_femi_sg_ele_il_w_fablesC_s138930_2	1
com_CON_subord_come1_w_fablesC_s139056_2 ele_PRO_pers_suj_3_femi_sg_ele_il_w_fablesC_s139056_3	1
com_CON_subord_come1_w_fablesL_s145048_1 a_PRE_a3_a_w_fablesL_s145048_2	1
com_CON_subord_come1_w_fablesL_s145250_4 einz_ADV_ainc_ainz_w_fablesL_s145250_5	1
com_CON_subord_come1_w_fablesL_s145321_6 a_PRE_a3_a_w_fablesL_s145321_7	1
com_CON_subord_come1_w_fablesT_s147898_2 auanture_NOM_suj_femi_sg_aventure_w_fablesT_s147898_3	1
com_CON_subord_come1_w_fablesT_s148367_2 est_VER_pres_3_sg_ester_estre1_w_fablesT_s148367_3	1
com_CON_subord_come1_w_fablesT_s148370_5 est_VER_pres_3_sg_ester_estre1_w_fablesT_s148370_6	1
com_CON_subord_come1_w_fablesT_s148477_1 a_PRE_a3_a_w_fablesT_s148477_2	1
com_CON_subord_come1_w_fablesT_s148606_6 a_PRE_a3_a_w_fablesT_s148606_7	1
com_CON_subord_come1_w_fablesT_s148659_4 en_PRE_en1_en_w_fablesT_s148659_5	1
com_CON_subord_come1_w_fablesT_s149022_2 ele_PRO_pers_suj_3_femi_sg_ele_il_w_fablesT_s149022_3	1
com_CON_subord_come1_w_fablesT_s150310_2 en_PRE_en1_en_w_fablesT_s150310_3	1
com_CON_subord_come1_w_fablesT_s150319_1 entre_PRE_entre2_entre_w_fablesT_s150319_2	1
com_CON_subord_come1_w_fablesT_s150396_2 as_VER_pres_2_sg_a+le_le_w_fablesT_s150396_3	1
com_CON_subord_come1_w_fierens_s155882_4 autres_ADJ_suj_masc_sg_autre_w_fierens_s155883_1	1
com_CON_subord_come1_w_gepa_s160725_11 apparust_VER_simp_3_sg_aparoir_w_gepa_s160725_12	1
com_CON_subord_come1_w_gepa_s160938_6 en_PRE_en1_en_w_gepa_s160938_7	1
com_CON_subord_come1_w_graal_s165458_1 es_PREDET_en_obj_masc_pl_en1+le_le_w_graal_s165458_2	1
com_CON_subord_come1_w_graal_s165630_2 andui_ADJ_card_ambedos_w_graal_s165630_3	1
com_CON_subord_come1_w_greg2_s165966_2 ele_PRO_pers_suj_3_femi_sg_ele_il_w_greg2_s165966_3	1
com_CON_subord_come1_w_greg2_s166037_2 el_PREDET_en_obj_masc_sg_en1+le_w_greg2_s166037_3	1
com_CON_subord_come1_w_greg2_s166051_1 en_PRE_en1_en_w_greg2_s166051_2	1
com_CON_subord_come1_w_greg2_s166380_1 oem_NOM_suj_masc_sg_ome_w_greg2_s166380_2	1
com_CON_subord_come1_w_greg2_s166437_1 onqorors_ADV_encore_w_greg2_s166437_2	1
com_CON_subord_come1_w_greg2_s166444_4 a_PRE_a3_a_w_greg2_s166444_5	1
com_CON_subord_come1_w_greg2_s166533_2 oem_NOM_suj_masc_sg_ome_w_greg2_s166533_3	1
com_CON_subord_come1_w_greg2_s166583_3 ele_PRO_pers_suj_3_femi_sg_ele_il_w_greg2_s166583_4	1
com_CON_subord_come1_w_greg2_s166806_4 a_PRE_a3_a_w_greg2_s166806_5	1
com_CON_subord_come1_w_greg2_s166811_4 a_PRE_a3_a_w_greg2_s166811_5	1
com_CON_subord_come1_w_greg2_s166842_3 atendoient_VER_impf_3_pl_atendre_w_greg2_s166842_4	1
com_CON_subord_come1_w_greg2_s167193_2 en_PRE_en1_en_w_greg2_s167193_3	1
com_CON_subord_come1_w_greg2_s167208_1 eschaugueite_NOM_suj_femi_sg_UNKNOWN_w_greg2_s167208_2	1
com_CON_subord_come1_w_greg2_s167220_1 evangelien_ADJ_suj_masc_sg_UNKNOWN_w_greg2_s167220_2	1
com_CON_subord_come1_w_greg2_s167403_1 a_PRE_a3_a_w_greg2_s167403_2	1
com_CON_subord_come1_w_greg2_s167547_2 ors_ADV_hors_w_greg2_s167547_3	1
com_CON_subord_come1_w_greg2_s167568_2 a_PRE_a3_a_w_greg2_s167568_3	1
com_CON_subord_come1_w_greg2_s167591_1 oem_NOM_suj_masc_sg_ome_w_greg2_s167591_2	1
com_CON_subord_come1_w_greg2_s167604_4 en_PRE_en1_en_w_greg2_s167604_5	1
com_CON_subord_come1_w_greg2_s167608_2 as_PREDET_a_obj_masc_pl_a+le_le_w_greg2_s167608_3	1
com_CON_subord_come1_w_greg2_s167611_2 erent_VER_impf_3_pl_arer_arer_estre1_w_greg2_s167611_3	1
com_CON_subord_come1_w_greg2_s168020_4 a_PRE_a3_a_w_greg2_s168020_5	1
com_CON_subord_come1_w_greg2_s168111_2 ainz_ADV_ainc_ainz_w_greg2_s168111_3	1
com_CON_subord_come1_w_greg2_s168185_1 oem_NOM_suj_masc_sg_ome_w_greg2_s168185_2	1
com_CON_subord_come1_w_greg2_s168352_4 ainz_ADV_ainc_ainz_w_greg2_s168352_5	1
com_CON_subord_come1_w_greg2_s168629_4 oem_NOM_suj_masc_sg_ome_w_greg2_s168629_5	1
com_CON_subord_come1_w_greg2_s168902_2 en_PRE_en1_en_w_greg2_s168902_3	1
com_CON_subord_come1_w_guib_s169709_4 est_VER_pres_3_sg_ester_estre1_w_guib_s169709_5	1
com_CON_subord_come1_w_guigP_s171042_2 amors_NOM_suj_femi_sg_amor_amors_w_guigP_s171042_3	1
com_CON_subord_come1_w_guigP_s171370_1 a_PRE_a3_a_w_guigP_s171370_2	1
com_CON_subord_come1_w_herm_s175561_2 avez_VER_pres_2_pl_avoir_w_herm_s175561_3	1
com_CON_subord_come1_w_herm_s175579_1 au_PREDET_a_obj_masc_sg_a+le_le_w_herm_s175579_2	1
com_CON_subord_come1_w_herm_s175715_1 abrehans_NPR_suj_masc_sg_abraham_w_herm_s175715_2	1
com_CON_subord_come1_w_herm_s176290_6 amis_NOM_suj_masc_sg_ami_w_herm_s176290_7	1
com_CON_subord_come1_w_herm_s176393_5 avoies_VER_impf_2_sg_avoiier_avoir_w_herm_s176393_6	1
com_CON_subord_come1_w_herm_s176418_1 estoie_VER_impf_1_sg_estre1_estre_w_herm_s176418_2	1
com_CON_subord_come1_w_herm_s176947_4 anfant_NOM_suj_masc_pl_enfant_w_herm_s176947_5	1
com_CON_subord_come1_w_hista_s177437_8 en_PRE_en1_en_w_hista_s177437_9	1
com_CON_subord_come1_w_hista_s177696_4 abrahans_NPR_suj_masc_sg_UNKNOWN_w_hista_s177696_5	1
com_CON_subord_come1_w_hista_s178283_6 ele_PRO_pers_suj_3_femi_sg_ele_il_w_hista_s178284_1	1
com_CON_subord_come1_w_hista_s179030_1 ours_NOM_suj_masc_pl_ors_w_hista_s179030_2	1
com_CON_subord_come1_w_hista_s179493_6 avoit_VER_impf_3_sg_avoiier_avoir_w_hista_s179494_1	1
com_CON_subord_come1_w_hista_s179530_5 entre_PRE_entre2_entre_w_hista_s179530_6	1
com_CON_subord_come1_w_hista_s180068_1 estoit_VER_impf_3_sg_ester_estre1_w_hista_s180068_2	1
com_CON_subord_come1_w_hista_s180963_6 ele_PRO_pers_suj_3_femi_sg_ele_il_w_hista_s180963_7	1
com_CON_subord_come1_w_hista_s181362_3 ele_PRO_pers_suj_3_femi_sg_ele_il_w_hista_s181362_4	1
com_CON_subord_come1_w_hista_s181397_2 ele_PRO_pers_suj_3_femi_sg_ele_il_w_hista_s181397_3	1
com_CON_subord_come1_w_hyla_s183759_3 eles_PRO_pers_suj_3_femi_pl_ele_il_w_hyla_s183759_4	1
com_CON_subord_come1_w_hyla_s184275_2 a_PRE_a3_a_w_hyla_s184275_3	1
com_CON_subord_come1_w_ipo_s184748_1 ert_VER_impf_3_sg_estre1_estre_w_ipo_s184748_2	1
com_CON_subord_come1_w_ipo_s185257_2 ele_PRO_pers_suj_3_femi_sg_ele_il_w_ipo_s185257_3	1
com_CON_subord_come1_w_jean_s196907_8 en_PRO_invar_en2_en_w_jean_s196907_9	1
com_CON_subord_come1_w_juda_s201041_2 en_PRE_en1_en_w_juda_s201041_3	1
com_CON_subord_come1_w_juda_s201550_2 on_PRO_invar_en1+le_le_w_juda_s201550_3	1
com_CON_subord_come1_w_juda_s201565_4 on_PRO_invar_on_w_juda_s201565_5	1
com_CON_subord_come1_w_lac_s202444_66 a_PRE_a3_a_w_lac_s202444_67	1
com_CON_subord_come1_w_lac_s202592_55 ele_PRO_pers_suj_3_femi_sg_ele_il_w_lac_s202592_56	1
com_CON_subord_come1_w_lac_s202635_29 en_PRO_invar_en2_en_w_lac_s202635_30	1
com_CON_subord_come1_w_lac_s202639_14 ele_PRO_pers_suj_3_femi_sg_ele_il_w_lac_s202639_15	1
com_CON_subord_come1_w_lanc_s202787_39 a_PRE_a3_a_w_lanc_s202787_40	1
com_CON_subord_come1_w_lanc_s202816_15 en_PRE_en1_en_w_lanc_s202816_16	1
com_CON_subord_come1_w_lanc_s202870_20 ele_PRO_pers_suj_3_femi_sg_ele_il_w_lanc_s202870_21	1
com_CON_subord_come1_w_lanc_s202881_14 a_PRE_a3_a_w_lanc_s202881_15	1
com_CON_subord_come1_w_lanc_s202937_37 ele_PRO_pers_suj_3_femi_sg_ele_il_w_lanc_s202937_38	1
com_CON_subord_come1_w_lanc_s202945_68 ele_PRO_pers_suj_3_femi_sg_ele_il_w_lanc_s202945_69	1
com_CON_subord_come1_w_lanc_s202949_37 ele_PRO_pers_suj_3_femi_sg_ele_il_w_lanc_s202949_38	1
com_CON_subord_come1_w_lancpr_s203299_17 ele_PRO_pers_suj_3_femi_sg_ele_il_w_lancpr_s203299_18	1
com_CON_subord_come1_w_lin_s207162_1 au_PREDET_a_obj_masc_sg_a+le_le_w_lin_s207162_2	1
com_CON_subord_come1_w_lin_s207252_4 ele_PRO_pers_suj_3_femi_sg_ele_il_w_lin_s207253_1	1
com_CON_subord_come1_w_lin_s207608_5 ele_PRO_pers_suj_3_femi_sg_ele_il_w_lin_s207608_6	1
com_CON_subord_come1_w_lin_s207691_1 ele_PRO_pers_suj_3_femi_sg_ele_il_w_lin_s207691_2	1
com_CON_subord_come1_w_lin_s207790_3 elle_PRO_pers_suj_3_femi_sg_ele_il_w_lin_s207790_4	1
com_CON_subord_come1_w_lin_s207975_1 elle_PRO_pers_suj_3_femi_sg_ele_il_w_lin_s207975_2	1
com_CON_subord_come1_w_lin_s207982_2 elle_PRO_pers_suj_3_femi_sg_ele_il_w_lin_s207982_3	1
com_CON_subord_come1_w_lin_s208301_3 ele_PRO_pers_suj_3_femi_sg_ele_il_w_lin_s208301_4	1
com_CON_subord_come1_w_lin_s208302_3 ele_PRO_pers_suj_3_femi_sg_ele_il_w_lin_s208302_4	1
com_CON_subord_come1_w_lin_s208367_3 elle_PRO_pers_suj_3_femi_sg_ele_il_w_lin_s208367_4	1
com_CON_subord_come1_w_lin_s208750_6 ele_PRO_pers_suj_3_femi_sg_ele_il_w_lin_s208750_7	1
com_CON_subord_come1_w_lin_s208791_5 ele_PRO_pers_suj_3_femi_sg_ele_il_w_lin_s208791_6	1
com_CON_subord_come1_w_lin_s208905_5 ele_PRO_pers_suj_3_femi_sg_ele_il_w_lin_s208905_6	1
com_CON_subord_come1_w_lin_s208910_2 ele_PRO_pers_suj_3_femi_sg_ele_il_w_lin_s208910_3	1
com_CON_subord_come1_w_lin_s209010_3 a_PRE_a3_a_w_lin_s209010_4	1
com_CON_subord_come1_w_lin_s210351_2 a_PRE_a3_a_w_lin_s210351_3	1
com_CON_subord_come1_w_loth_s211823_1 on_PRO_invar_on_w_loth_s211823_2	1
com_CON_subord_come1_w_loys_s212660_47 ele_PRO_pers_suj_3_femi_sg_ele_il_w_loys_s212660_48	1
com_CON_subord_come1_w_loys_s212734_30 ele_PRO_pers_suj_3_femi_sg_ele_il_w_loys_s212734_31	1
com_CON_subord_come1_w_loys_s212735_34 ele_PRO_pers_suj_3_femi_sg_ele_il_w_loys_s212735_35	1
com_CON_subord_come1_w_loys_s212755_2 ele_PRO_pers_suj_3_femi_sg_ele_il_w_loys_s212755_3	1
com_CON_subord_come1_w_loys_s212769_88 ele_PRO_pers_suj_3_femi_sg_ele_il_w_loys_s212769_89	1
com_CON_subord_come1_w_loys_s212774_31 ele_PRO_pers_suj_3_femi_sg_ele_il_w_loys_s212774_32	1
com_CON_subord_come1_w_loys_s212805_18 ele_PRO_pers_suj_3_femi_sg_ele_il_w_loys_s212805_19	1
com_CON_subord_come1_w_loys_s212927_36 a_PRE_a3_a_w_loys_s212927_37	1
com_CON_subord_come1_w_loys_s212977_28 en_PRE_en2_en_w_loys_s212977_29	1
com_CON_subord_come1_w_loys_s213120_41 en_PRE_en2_en_w_loys_s213120_42	1
com_CON_subord_come1_w_loys_s213218_2 eles_PRO_pers_suj_3_femi_pl_ele_il_w_loys_s213218_3	1
com_CON_subord_come1_w_loys_s213219_3 eles_PRO_pers_suj_3_femi_pl_ele_il_w_loys_s213219_4	1
com_CON_subord_come1_w_loys_s213220_3 eles_PRO_pers_suj_3_femi_pl_ele_il_w_loys_s213220_4	1
com_CON_subord_come1_w_loys_s213260_43 es_PREDET_en_obj_masc_pl_en1+le_le_w_loys_s213260_44	1
com_CON_subord_come1_w_loys_s213279_42 au_PREDET_a_obj_masc_sg_a+le_le_w_loys_s213279_43	1
com_CON_subord_come1_w_loys_s213289_2 ele_PRO_pers_suj_3_femi_sg_ele_il_w_loys_s213289_3	1
com_CON_subord_come1_w_loys_s213300_74 eles_PRO_pers_suj_3_femi_pl_ele_il_w_loys_s213300_75	1
com_CON_subord_come1_w_loys_s213331_14 en_PRE_en1_en_w_loys_s213331_15	1
com_CON_subord_come1_w_loys_s213401_32 ele_PRO_pers_suj_3_femi_sg_ele_il_w_loys_s213401_33	1
com_CON_subord_come1_w_loys_s213408_31 ele_PRO_pers_suj_3_femi_sg_ele_il_w_loys_s213408_32	1
com_CON_subord_come1_w_loys_s213434_29 ele_PRO_pers_suj_3_femi_sg_ele_il_w_loys_s213434_30	1
com_CON_subord_come1_w_loys_s213453_14 ele_PRO_pers_suj_3_femi_sg_ele_il_w_loys_s213453_15	1
com_CON_subord_come1_w_loys_s213453_52 ele_PRO_pers_suj_3_femi_sg_ele_il_w_loys_s213453_53	1
com_CON_subord_come1_w_loys_s213502_14 enmi_PRE_enmi_w_loys_s213502_15	1
com_CON_subord_come1_w_loys_s213507_40 ele_PRO_pers_suj_3_femi_sg_ele_il_w_loys_s213507_41	1
com_CON_subord_come1_w_loys_s213512_32 ele_PRO_pers_suj_3_femi_sg_ele_il_w_loys_s213512_33	1
com_CON_subord_come1_w_loys_s213536_10 ele_PRO_pers_suj_3_femi_sg_ele_il_w_loys_s213536_11	1
com_CON_subord_come1_w_loys_s213539_3 ele_PRO_pers_suj_3_femi_sg_ele_il_w_loys_s213539_4	1
com_CON_subord_come1_w_loys_s213564_124 aucune_DET_ind_suj_femi_sg_aucun_w_loys_s213564_125	1
com_CON_subord_come1_w_loys_s213615_25 ele_PRO_pers_suj_3_femi_sg_ele_il_w_loys_s213615_26	1
com_CON_subord_come1_w_loys_s213672_61 ele_PRO_pers_suj_3_femi_sg_ele_il_w_loys_s213672_62	1
com_CON_subord_come1_w_loys_s213672_82 ele_PRO_pers_suj_3_femi_sg_ele_il_w_loys_s213672_83	1
com_CON_subord_come1_w_loys_s213675_2 en_PRE_en1_en_w_loys_s213675_3	1
com_CON_subord_come1_w_loys_s213699_28 ele_PRO_pers_suj_3_femi_sg_ele_il_w_loys_s213699_29	1
com_CON_subord_come1_w_loys_s213699_37 ele_PRO_pers_suj_3_femi_sg_ele_il_w_loys_s213699_38	1
com_CON_subord_come1_w_loys_s213705_16 ele_PRO_pers_suj_3_femi_sg_ele_il_w_loys_s213705_17	1
com_CON_subord_come1_w_loys_s213707_3 ele_PRO_pers_suj_3_femi_sg_ele_il_w_loys_s213707_4	1
com_CON_subord_come1_w_loys_s213711_22 ele_PRO_pers_suj_3_femi_sg_ele_il_w_loys_s213711_23	1
com_CON_subord_come1_w_loys_s213730_13 ele_PRO_pers_suj_3_femi_sg_ele_il_w_loys_s213730_14	1
com_CON_subord_come1_w_loys_s213761_49 enfant_NOM_suj_masc_sg_enfant_w_loys_s213761_50	1
com_CON_subord_come1_w_loys_s213806_15 amortiz_VER_pper_masc_pl_amortir_w_loys_s213806_16	1
com_CON_subord_come1_w_loys_s213806_54 entomiz_VER_pper_masc_pl_UNKNOWN_w_loys_s213806_55	1
com_CON_subord_come1_w_loys_s213809_2 ele_PRO_pers_suj_3_femi_sg_ele_il_w_loys_s213809_3	1
com_CON_subord_come1_w_loys_s213824_6 ele_PRO_pers_suj_3_femi_sg_ele_il_w_loys_s213824_7	1
com_CON_subord_come1_w_loys_s213848_26 ele_PRO_pers_suj_3_femi_sg_ele_il_w_loys_s213848_27	1
com_CON_subord_come1_w_loys_s213854_7 ele_PRO_pers_suj_3_femi_sg_ele_il_w_loys_s213854_8	1
com_CON_subord_come1_w_loys_s213855_43 ele_PRO_pers_suj_3_femi_sg_ele_il_w_loys_s213855_44	1
com_CON_subord_come1_w_loys_s213931_27 eles_PRO_pers_suj_3_femi_pl_ele_il_w_loys_s213931_28	1
com_CON_subord_come1_w_loys_s213971_19 enfant_NOM_suj_masc_sg_enfant_w_loys_s213971_20	1
com_CON_subord_come1_w_loys_s213972_43 ele_PRO_pers_suj_3_femi_sg_ele_il_w_loys_s213972_44	1
com_CON_subord_come1_w_loys_s214033_42 ele_PRO_pers_suj_3_femi_sg_ele_il_w_loys_s214033_43	1
com_CON_subord_come1_w_loys_s214033_52 avugles_ADJ_suj_masc_pl_avugle_w_loys_s214033_53	1
com_CON_subord_come1_w_loys_s214037_55 a_PRE_a3_a_w_loys_s214037_56	1
com_CON_subord_come1_w_loys_s214039_18 ele_PRO_pers_suj_3_femi_sg_ele_il_w_loys_s214039_19	1
com_CON_subord_come1_w_loys_s214099_25 ele_PRO_pers_suj_3_femi_sg_ele_il_w_loys_s214099_26	1
com_CON_subord_come1_w_loys_s214102_2 ele_PRO_pers_suj_3_femi_sg_ele_il_w_loys_s214102_3	1
com_CON_subord_come1_w_loys_s214105_7 ele_PRO_pers_suj_3_femi_sg_ele_il_w_loys_s214105_8	1
com_CON_subord_come1_w_loys_s214119_29 ele_PRO_pers_suj_3_femi_sg_ele_il_w_loys_s214119_30	1
com_CON_subord_come1_w_loys_s214153_13 ele_PRO_pers_suj_3_femi_sg_ele_il_w_loys_s214153_14	1
com_CON_subord_come1_w_loys_s214153_2 ele_PRO_pers_suj_3_femi_sg_ele_il_w_loys_s214153_3	1
com_CON_subord_come1_w_loys_s214167_2 ele_PRO_pers_suj_3_femi_sg_ele_il_w_loys_s214167_3	1
com_CON_subord_come1_w_loys_s214186_62 ele_PRO_pers_suj_3_femi_sg_ele_il_w_loys_s214186_63	1
com_CON_subord_come1_w_loys_s214186_85 ele_PRO_pers_suj_3_femi_sg_ele_il_w_loys_s214186_86	1
com_CON_subord_come1_w_loys_s214189_7 ele_PRO_pers_suj_3_femi_sg_ele_il_w_loys_s214189_8	1
com_CON_subord_come1_w_loys_s214201_3 ele_PRO_pers_suj_3_femi_sg_ele_il_w_loys_s214201_4	1
com_CON_subord_come1_w_loys_s214203_18 ele_PRO_pers_suj_3_femi_sg_ele_il_w_loys_s214203_19	1
com_CON_subord_come1_w_loys_s214206_2 ele_PRO_pers_suj_3_femi_sg_ele_il_w_loys_s214206_3	1
com_CON_subord_come1_w_mace_s215643_2 ou_PRE_o_où_w_mace_s215643_3	1
com_CON_subord_come1_w_mace_s215742_5 en_PRE_en1_en_w_mace_s215742_6	1
com_CON_subord_come1_w_mace_s215784_3 el_PRO_pers_suj_3_femi_pl_il_w_mace_s215784_4	1
com_CON_subord_come1_w_mace_s215874_2 en_PRE_en1_en_w_mace_s215874_3	1
com_CON_subord_come1_w_mace_s215877_2 oydives_ADJ_obj_masc_pl_UNKNOWN_w_mace_s215877_3	1
com_CON_subord_come1_w_mace_s215904_1 abiron_NPR_suj_masc_sg_UNKNOWN_w_mace_s215904_2	1
com_CON_subord_come1_w_mace_s215905_2 aaron_NPR_suj_masc_sg_aaron_w_mace_s215905_3	1
com_CON_subord_come1_w_mace_s215931_3 aaron_NPR_suj_masc_sg_aaron_w_mace_s215931_4	1
com_CON_subord_come1_w_mace_s215952_2 au_PREDET_a_obj_masc_sg_a+le_le_w_mace_s215952_3	1
com_CON_subord_come1_w_mace_s216344_2 elle_PRO_pers_suj_3_femi_sg_ele_il_w_mace_s216344_3	1
com_CON_subord_come1_w_mace_s216438_4 el_PRO_pers_suj_3_femi_pl_il_w_mace_s216438_5	1
com_CON_subord_come1_w_mace_s216649_3 au_PREDET_a_obj_masc_sg_a+le_le_w_mace_s216649_4	1
com_CON_subord_come1_w_mace_s216995_3 es_PREDET_en_obj_masc_pl_en1+le_le_w_mace_s216995_4	1
com_CON_subord_come1_w_mace_s217083_1 a_PRE_a3_a_w_mace_s217083_2	1
com_CON_subord_come1_w_mace_s217404_6 amis_NOM_suj_masc_sg_ami_w_mace_s217404_7	1
com_CON_subord_come1_w_mace_s217758_1 en_PRE_en1_en_w_mace_s217758_2	1
com_CON_subord_come1_w_mace_s218407_2 abimelech_NPR_suj_masc_sg_abimelech_w_mace_s218407_3	1
com_CON_subord_come1_w_malk_s220055_4 en_PRE_en1_en_w_malk_s220055_5	1
com_CON_subord_come1_w_martin1_s223426_5 est_VER_pres_3_sg_ester_estre1_w_martin1_s223426_6	1
com_CON_subord_come1_w_martin1_s223469_3 ele_PRO_pers_suj_3_femi_sg_ele_il_w_martin1_s223469_4	1
com_CON_subord_come1_w_martin1_s223702_4 orout_VER_impf_3_sg_orer2_w_martin1_s223702_5	1
com_CON_subord_come1_w_martin1_s224037_1 est_VER_pres_3_sg_ester_estre1_w_martin1_s224037_2	1
com_CON_subord_come1_w_martin1_s224106_6 oses_VER_pres_2_sg_oser_w_martin1_s224106_7	1
com_CON_subord_come1_w_martin1_s224379_1 est_VER_pres_3_sg_ester_estre1_w_martin1_s224379_2	1
com_CON_subord_come1_w_martin2_s224765_1 ele_PRO_pers_suj_3_femi_sg_ele_il_w_martin2_s224765_2	1
com_CON_subord_come1_w_martin2_s225046_1 a_PRE_a3_a_w_martin2_s225046_2	1
com_CON_subord_come1_w_martin2_s226739_5 a_PRE_a3_a_w_martin2_s226739_6	1
com_CON_subord_come1_w_martin3_s226927_3 enfes_NOM_suj_masc_sg_enfant_w_martin3_s226927_4	1
com_CON_subord_come1_w_martin3_s226971_2 el_PRO_pers_suj_3_femi_sg_il_w_martin3_s226971_3	1
com_CON_subord_come1_w_martin3_s227092_5 apostres_NOM_suj_masc_sg_apostle_w_martin3_s227092_6	1
com_CON_subord_come1_w_martin3_s227111_1 a_PRE_a3_a_w_martin3_s227111_2	1
com_CON_subord_come1_w_martin3_s227130_1 ert_VER_impf_3_sg_estre1_estre_w_martin3_s227130_2	1
com_CON_subord_come1_w_martin3_s227238_3 ou_PREDET_en_obj_masc_sg_en1+le_le_w_martin3_s227238_4	1
com_CON_subord_come1_w_martin3_s227320_1 el_PRO_pers_suj_3_femi_sg_il_w_martin3_s227320_2	1
com_CON_subord_come1_w_martin3_s227433_2 ot_VER_simp_3_sg_avoir_öir_w_martin3_s227433_3	1
com_CON_subord_come1_w_martin3_s227459_2 evesque_NOM_suj_masc_sg_evesque_w_martin3_s227459_3	1
com_CON_subord_come1_w_martin3_s227633_4 aise_NOM_obj_femi_sg_aise_w_martin3_s227633_5	1
com_CON_subord_come1_w_martin3_s227667_3 au_PREDET_a_obj_masc_sg_a+le_le_w_martin3_s227667_4	1
com_CON_subord_come1_w_martin3_s227718_4 evesque_NOM_suj_masc_pl_evesque_w_martin3_s227718_5	1
com_CON_subord_come1_w_martin3_s227767_4 el_PRO_pers_suj_3_femi_sg_il_w_martin3_s227767_5	1
com_CON_subord_come1_w_martin3_s227921_3 el_PRO_pers_suj_3_femi_sg_il_w_martin3_s227921_4	1
com_CON_subord_come1_w_martin3_s228077_4 est_VER_pres_3_sg_ester_estre1_w_martin3_s228077_5	1
com_CON_subord_come1_w_martin3_s228579_2 el_PRO_pers_suj_3_femi_sg_il_w_martin3_s228579_3	1
com_CON_subord_come1_w_martin3_s228956_4 el_PRO_pers_suj_3_femi_sg_il_w_martin3_s228956_5	1
com_CON_subord_come1_w_meun_s232440_4 aler_VER_infi_aler_foraler_w_meun_s232440_5	1
com_CON_subord_come1_w_meun_s232466_2 ainsinc_ADV_ainsi_w_meun_s232466_3	1
com_CON_subord_come1_w_mir_s239038_1 eut_VER_simp_3_sg_avoir_oloir_w_mir_s239038_2	1
com_CON_subord_come1_w_mir_s239654_2 en_PRE_en1_en_w_mir_s239654_3	1
com_CON_subord_come1_w_mir_s239760_2 en_PRE_en1_en_w_mir_s239760_3	1
com_CON_subord_come1_w_mir_s239841_3 est_VER_pres_3_sg_ester_estre1_w_mir_s239841_4	1
com_CON_subord_come1_w_mir_s239881_3 a_VER_pres_3_sg_a3_a_w_mir_s239881_4	1
com_CON_subord_come1_w_mir_s239882_2 est_VER_pres_3_sg_ester_estre1_w_mir_s239882_3	1
com_CON_subord_come1_w_mous_s248221_2 en_PRE_en1_en_w_mous_s248221_3	1
com_CON_subord_come1_w_mous_s248678_2 avoit_VER_impf_3_sg_avoiier_avoir_w_mous_s248678_3	1
com_CON_subord_come1_w_mous_s249167_5 ains_ADV_ainc_ains3_w_mous_s249167_6	1
com_CON_subord_come1_w_mous_s249699_4 esprohons_NOM_suj_masc_sg_UNKNOWN_w_mous_s249699_5	1
com_CON_subord_come1_w_mous_s250045_4 ains_ADV_ainc_ains3_w_mous_s250045_5	1
com_CON_subord_come1_w_narcB_s254020_5 au_PREDET_a_obj_masc_sg_a+le_le_w_narcB_s254020_6	1
com_CON_subord_come1_w_narcB_s254060_2 el_PREDET_en_obj_masc_sg_il_w_narcB_s254060_3	1
com_CON_subord_come1_w_narcB_s254075_3 est_VER_pres_3_sg_ester_estre1_w_narcB_s254075_4	1
com_CON_subord_come1_w_narcB_s254076_1 est_VER_pres_3_sg_ester_estre1_w_narcB_s254076_2	1
com_CON_subord_come1_w_narcB_s254302_4 ele_PRO_pers_suj_3_femi_sg_ele_il_w_narcB_s254302_5	1
com_CON_subord_come1_w_narcB_s254310_3 a_VER_pres_3_sg_a3_a_w_narcB_s254310_4	1
com_CON_subord_come1_w_narcB_s254436_4 a_VER_pres_3_sg_a3_a_w_narcB_s254436_5	1
com_CON_subord_come1_w_narcB_s254548_4 apeler_VER_infi_apeler_w_narcB_s254548_5	1
com_CON_subord_come1_w_narcB_s254816_2 estes_VER_pres_2_pl_ester_estre1_w_narcB_s254816_3	1
com_CON_subord_come1_w_narcC_s254901_2 el_PRO_pers_suj_3_femi_sg_il_w_narcC_s254901_3	1
com_CON_subord_come1_w_narcC_s254938_5 au_PREDET_a_obj_masc_sg_a+le_le_w_narcC_s254938_6	1
com_CON_subord_come1_w_narcC_s254976_1 onques_ADV_onque_w_narcC_s254976_2	1
com_CON_subord_come1_w_narcC_s254993_4 es_VER_pres_2_sg_en1+le_le_w_narcC_s254993_5	1
com_CON_subord_come1_w_narcC_s254994_2 est_VER_pres_3_sg_ester_estre1_w_narcC_s254994_3	1
com_CON_subord_come1_w_narcC_s255211_2 amors_NOM_suj_femi_sg_amor_amors_w_narcC_s255211_3	1
com_CON_subord_come1_w_narcC_s255258_3 a_VER_pres_3_sg_a3_a_w_narcC_s255258_4	1
com_CON_subord_come1_w_narcC_s255328_2 osas_VER_simp_2_sg_oser_w_narcC_s255328_3	1
com_CON_subord_come1_w_narcC_s255731_6 on_PRO_invar_on_w_narcC_s255731_7	1
com_CON_subord_come1_w_narcC_s255826_2 estes_VER_pres_2_pl_ester_estre1_w_narcC_s255826_3	1
com_CON_subord_come1_w_narcD_s256252_2 estes_VER_pres_2_pl_ester_estre1_w_narcD_s256252_3	1
com_CON_subord_come1_w_narcE_s256279_4 es_VER_pres_2_sg_en1+le_le_w_narcE_s256279_5	1
com_CON_subord_come1_w_ndchar_s256605_1 ele_PRO_pers_suj_3_femi_sg_ele_il_w_ndchar_s256605_2	1
com_CON_subord_come1_w_ndchar_s256726_4 esbahie_VER_pper_femi_sg_esbäir_w_ndchar_s256726_5	1
com_CON_subord_come1_w_ndchar_s256993_2 empres_PRE_empres_emprès_w_ndchar_s256993_3	1
com_CON_subord_come1_w_ndchar_s257362_2 est_VER_pres_3_sg_ester_estre1_w_ndchar_s257362_3	1
com_CON_subord_come1_w_ndchar_s257605_2 oi_VER_pper_masc_sg_avoir_öir_w_ndchar_s257605_3	1
com_CON_subord_come1_w_ndchar_s257628_1 elle_PRO_pers_suj_3_femi_sg_ele_il_w_ndchar_s257628_2	1
com_CON_subord_come1_w_ndchar_s257859_2 elle_PRO_pers_suj_3_femi_sg_ele_il_w_ndchar_s257859_3	1
com_CON_subord_come1_w_ndchar_s257982_1 enfant_NOM_suj_masc_sg_enfant_w_ndchar_s257982_2	1
com_CON_subord_come1_w_ndchar_s258321_2 a_PRE_a3_a_w_ndchar_s258321_3	1
com_CON_subord_come1_w_ndchar_s258491_2 ou_PREDET_en_obj_masc_sg_en1+le_le_w_ndchar_s258491_3	1
com_CON_subord_come1_w_ndchar_s258689_2 au_PREDET_a_obj_masc_sg_a+le_le_w_ndchar_s258689_3	1
com_CON_subord_come1_w_ndchar_s258814_2 en_PRE_en1_en_w_ndchar_s258814_3	1
com_CON_subord_come1_w_ndchar_s258875_1 orent_VER_simp_3_pl_avoir_orer2_w_ndchar_s258875_2	1
com_CON_subord_come1_w_ndchar_s259867_2 ou_PREDET_en_obj_masc_sg_en1+le_le_w_ndchar_s259867_3	1
com_CON_subord_come1_w_ndchar_s259953_4 espie_NOM_suj_masc_sg_espie1_espie2_espie3_w_ndchar_s259953_5	1
com_CON_subord_come1_w_ndchar_s260285_2 oisel_NOM_suj_masc_sg_oisel_w_ndchar_s260285_3	1
com_CON_subord_come1_w_ndchar_s260333_3 eust_VER_subi_3_sg_avoir_w_ndchar_s260333_4	1
com_CON_subord_come1_w_ndchar_s261218_1 el_PRO_pers_suj_3_femi_sg_il_w_ndchar_s261218_2	1
com_CON_subord_come1_w_ndchar_s261279_2 entroit_VER_impf_3_sg_entrer_w_ndchar_s261279_3	1
com_CON_subord_come1_w_ndchar_s262184_4 en_PRE_en2_en_w_ndchar_s262184_5	1
com_CON_subord_come1_w_ndchar_s262352_1 est_VER_pres_3_sg_ester_estre1_w_ndchar_s262352_2	1
com_CON_subord_come1_w_ndchar_s262554_1 ele_PRO_pers_suj_3_femi_sg_ele_il_w_ndchar_s262554_2	1
com_CON_subord_come1_w_ndchar_s262863_2 aloit_VER_impf_3_sg_aler_w_ndchar_s262863_3	1
com_CON_subord_come1_w_neele_s262980_1 ensi_ADV_ainsi_w_neele_s262980_2	1
com_CON_subord_come1_w_nima1_s267978_4 estes_VER_pres_2_pl_ester_estre1_w_nima1_s267978_5	1
com_CON_subord_come1_w_nima1_s268271_1 avez_VER_pres_2_pl_avoir_w_nima1_s268271_2	1
com_CON_subord_come1_w_nima3_s270517_4 estes_VER_pres_2_pl_ester_estre1_w_nima3_s270517_5	1
com_CON_subord_come1_w_nima3_s270971_2 avez_VER_pres_2_pl_avoir_w_nima3_s270971_3	1
com_CON_subord_come1_w_nimafrag_s272837_2 avez_VER_pres_2_pl_avoir_w_nimafrag_s272837_3	1
com_CON_subord_come1_w_nimb1_s273029_7 or_ADV_or4_or_w_nimb1_s273029_8	1
com_CON_subord_come1_w_nimb1_s273273_1 est_VER_pres_3_sg_ester_estre1_w_nimb1_s273273_2	1
com_CON_subord_come1_w_nimb1_s273622_4 estes_VER_pres_2_pl_ester_estre1_w_nimb1_s273622_5	1
com_CON_subord_come1_w_nimb1_s273883_2 orez_VER_futu_2_pl_oïr_w_nimb1_s273883_3	1
com_CON_subord_come1_w_nimb1_s273987_4 orrez_VER_futu_2_pl_avoir_öir_w_nimb1_s273987_5	1
com_CON_subord_come1_w_nimb1_s274157_2 avez_VER_pres_2_pl_avoir_w_nimb1_s274157_3	1
com_CON_subord_come1_w_nimb2_s274574_7 or_ADV_or4_or_w_nimb2_s274574_8	1
com_CON_subord_come1_w_nimb2_s274821_1 est_VER_pres_3_sg_ester_estre1_w_nimb2_s274821_2	1
com_CON_subord_come1_w_nimb2_s274919_5 a_PRE_a3_a_w_nimb2_s274919_6	1
com_CON_subord_come1_w_nimb2_s274920_1 aver_ADJ_obj_masc_sg_aver_w_nimb2_s274920_2	1
com_CON_subord_come1_w_nimb2_s275172_4 estes_VER_pres_2_pl_ester_estre1_w_nimb2_s275172_5	1
com_CON_subord_come1_w_nimb2_s275433_2 orrez_VER_futu_2_pl_avoir_öir_w_nimb2_s275433_3	1
com_CON_subord_come1_w_nimb2_s275537_4 orrez_VER_futu_2_pl_avoir_öir_w_nimb2_s275537_5	1
com_CON_subord_come1_w_nimb2_s275707_2 avez_VER_pres_2_pl_avoir_w_nimb2_s275707_3	1
com_CON_subord_come1_w_nimb2_s275827_1 a_PRE_a3_a_w_nimb2_s275827_2	1
com_CON_subord_come1_w_nimc_s276491_1 est_VER_pres_3_sg_ester_estre1_w_nimc_s276491_2	1
com_CON_subord_come1_w_nimc_s276624_6 oir_VER_infi_devoir_os3_öir_w_nimc_s276624_7	1
com_CON_subord_come1_w_nimc_s277089_1 a_VER_pres_3_sg_a3_a_w_nimc_s277089_2	1
com_CON_subord_come1_w_nimc_s277353_1 a_PRE_a3_a_w_nimc_s277353_2	1
com_CON_subord_come1_w_nimd_s277597_2 orenge_NPR_suj_masc_sg_orenge_w_nimd_s277597_3	1
com_CON_subord_come1_w_nimd_s277640_2 a_VER_pres_3_sg_a3_a_w_nimd_s277640_3	1
com_CON_subord_come1_w_nimd_s278176_1 autre_ADJ_suj_femi_sg_autre_w_nimd_s278176_2	1
com_CON_subord_come1_w_nimd_s278297_5 est_VER_pres_3_sg_ester_estre1_w_nimd_s278297_6	1
com_CON_subord_come1_w_nimd_s278457_4 est_VER_pres_3_sg_ester_estre1_w_nimd_s278457_5	1
com_CON_subord_come1_w_nimd_s278458_1 et_VER_pres_3_sg_et_w_nimd_s278458_2	1
com_CON_subord_come1_w_nimd_s278556_2 est_VER_pres_3_sg_ester_estre1_w_nimd_s278556_3	1
com_CON_subord_come1_w_nimd_s278728_7 ancor_ADV_encore_w_nimd_s278728_8	1
com_CON_subord_come1_w_nouvel_s281611_3 envoisie_VER_pper_femi_sg_envoisier_w_nouvel_s281611_4	1
com_CON_subord_come1_w_oakbook_s282344_2 a_PRE_a3_a_w_oakbook_s282344_3	1
com_CON_subord_come1_w_oakbook_s282350_7 yl_PRO_pers_suj_3_masc_sg_unb_il_w_oakbook_s282350_8	1
com_CON_subord_come1_w_oakbook_s282363_4 yl_PRO_pers_suj_3_masc_sg_unb_il_w_oakbook_s282363_5	1
com_CON_subord_come1_w_oakbook_s282406_6 yl_PRO_pers_suj_3_masc_pl_il_w_oakbook_s282406_7	1
com_CON_subord_come1_w_oakbook_s282445_7 a_PRE_a3_a_w_oakbook_s282445_8	1
com_CON_subord_come1_w_oakbook_s282476_2 auaunt_PRE_avant_w_oakbook_s282476_3	1
com_CON_subord_come1_w_oakbook_s282499_6 yl_PRO_pers_suj_3_masc_sg_unb_il_w_oakbook_s282499_7	1
com_CON_subord_come1_w_oakbook_s282503_5 auaunt_PRE_avant_w_oakbook_s282503_6	1
com_CON_subord_come1_w_oakbook_s282728_1 arange_NOM_suj_masc_sg_UNKNOWN_w_oakbook_s282728_2	1
com_CON_subord_come1_w_or_s285133_3 elle_PRO_pers_suj_3_femi_sg_ele_il_w_or_s285133_4	1
com_CON_subord_come1_w_pap_s287436_3 escripture_NOM_obj_femi_sg_escriture_w_pap_s287436_4	1
com_CON_subord_come1_w_pap_s287980_2 auenture_NOM_suj_femi_sg_aventure_w_pap_s287980_3	1
com_CON_subord_come1_w_pap_s288545_3 om_NOM_suj_masc_sg_on_w_pap_s288545_4	1
com_CON_subord_come1_w_papgreg2_s290120_14 entreie_NOM_obj_femi_sg_UNKNOWN_w_papgreg2_s290120_15	1
com_CON_subord_come1_w_papgreg2_s290177_11 en_PRE_en1_en_w_papgreg2_s290177_12	1
com_CON_subord_come1_w_papgreg2_s290306_27 asseiz_ADV_assez_w_papgreg2_s290306_28	1
com_CON_subord_come1_w_papgreg2_s290326_3 est_VER_pres_3_sg_ester_estre1_w_papgreg2_s290326_4	1
com_CON_subord_come1_w_papgreg2_s290328_3 est_VER_pres_3_sg_ester_estre1_w_papgreg2_s290328_4	1
com_CON_subord_come1_w_papgreg2_s290538_36 en_PRE_en1_en_w_papgreg2_s290538_37	1
com_CON_subord_come1_w_papgreg2_s290662_29 en_PRE_en1_en_w_papgreg2_s290662_30	1
com_CON_subord_come1_w_papgreg2_s290681_11 ameit_VER_pper_masc_sg_amer_w_papgreg2_s290681_12	1
com_CON_subord_come1_w_pera_s293005_2 avez_VER_pres_2_pl_avoir_w_pera_s293005_3	1
com_CON_subord_come1_w_pera_s293463_1 a_PRE_a3_a_w_pera_s293463_2	1
com_CON_subord_come1_w_perb_s294366_4 ele_PRO_pers_suj_3_femi_sg_ele_il_w_perb_s294366_5	1
com_CON_subord_come1_w_perb_s295421_1 a_PRE_a3_a_w_perb_s295421_2	1
com_CON_subord_come1_w_perb_s295478_2 est_VER_pres_3_sg_ester_estre1_w_perb_s295478_3	1
com_CON_subord_come1_w_percevalb_s297846_4 ele_PRO_pers_suj_3_femi_sg_ele_il_w_percevalb_s297846_5	1
com_CON_subord_come1_w_percevalb_s298903_1 a_PRE_a3_a_w_percevalb_s298903_2	1
com_CON_subord_come1_w_percevalb_s298960_2 est_VER_pres_3_sg_ester_estre1_w_percevalb_s298960_3	1
com_CON_subord_come1_w_percevalb_s299949_2 oir_VER_infi_devoir_os3_öir_w_percevalb_s299949_3	1
com_CON_subord_come1_w_percevalb_s301667_1 ele_PRO_pers_suj_3_femi_sg_ele_il_w_percevalb_s301667_2	1
com_CON_subord_come1_w_percevalb_s301671_3 oil_NOM_suj_masc_pl_oil_öil_w_percevalb_s301671_4	1
com_CON_subord_come1_w_percevalb_s302778_1 a_PRE_a3_a_w_percevalb_s302778_2	1
com_CON_subord_come1_w_percevalb_s303389_2 entre_VER_pres_3_sg_entrer_w_percevalb_s303389_3	1
com_CON_subord_come1_w_percevalb_s304924_1 a_PRE_a3_a_w_percevalb_s304924_2	1
com_CON_subord_come1_w_perf_s307214_2 oi_VER_pper_masc_sg_avoir_öir_w_perf_s307214_3	1
com_CON_subord_come1_w_perh_s309174_2 oi_VER_pper_masc_sg_avoir_öir_w_perh_s309174_3	1
com_CON_subord_come1_w_perl_s311175_2 oi_VER_pper_masc_sg_avoir_öir_w_perl_s311175_3	1
com_CON_subord_come1_w_perl_s311614_1 a_PRE_a3_a_w_perl_s311614_2	1
com_CON_subord_come1_w_perm_s313583_1 a_PRE_a3_a_w_perm_s313583_2	1
com_CON_subord_come1_w_perq_s316020_1 em_PRO_invar_en2_en_w_perq_s316020_2	1
com_CON_subord_come1_w_perq_s317356_1 estoit_VER_impf_3_sg_ester_estre1_w_perq_s317356_2	1
com_CON_subord_come1_w_perr_s317665_2 on_PRO_invar_on_w_perr_s317665_3	1
com_CON_subord_come1_w_perr_s317673_1 on_PRO_invar_on_w_perr_s317673_2	1
com_CON_subord_come1_w_perr_s318791_2 oi_VER_pper_masc_sg_avoir_öir_w_perr_s318791_3	1
com_CON_subord_come1_w_perr_s319249_1 a_PRE_a3_a_w_perr_s319249_2	1
com_CON_subord_come1_w_perr_s319306_2 est_VER_pres_3_sg_ester_estre1_w_perr_s319306_3	1
com_CON_subord_come1_w_pers_s319982_4 ele_PRO_pers_suj_3_femi_sg_ele_il_w_pers_s319982_5	1
com_CON_subord_come1_w_pers_s320511_4 auez_VER_pres_2_pl_aidier_w_pers_s320511_5	1
com_CON_subord_come1_w_pers_s320652_2 auez_VER_pres_2_pl_aidier_w_pers_s320652_3	1
com_CON_subord_come1_w_pers_s321101_1 a_PRE_a3_a_w_pers_s321101_2	1
com_CON_subord_come1_w_pert_s322477_4 avez_VER_pres_2_pl_avoir_w_pert_s322477_5	1
com_CON_subord_come1_w_peru_s323443_1 on_PRO_invar_on_w_peru_s323443_2	1
com_CON_subord_come1_w_peru_s324598_2 oi_VER_pper_masc_sg_avoir_öir_w_peru_s324598_3	1
com_CON_subord_come1_w_peru_s325051_1 a_PRE_a3_a_w_peru_s325051_2	1
com_CON_subord_come1_w_poit_s328498_2 a_PRE_a3_a_w_poit_s328498_3	1
com_CON_subord_come1_w_poit_s328787_4 en_PRE_en1_en_w_poit_s328787_5	1
com_CON_subord_come1_w_poit_s330025_4 escriture_NOM_suj_femi_sg_escriture_w_poit_s330026_1	1
com_CON_subord_come1_w_pon2_s330818_24 ele_PRO_pers_suj_3_femi_sg_ele_il_w_pon2_s330818_25	1
com_CON_subord_come1_w_pritheo_s331223_2 ert_VER_futu_3_sg_estre1_estre_w_pritheo_s331223_3	1
com_CON_subord_come1_w_queste_s338010_9 a_PRE_a3_a_w_queste_s338010_10	1
com_CON_subord_come1_w_raou_s338378_7 avés_VER_pres_2_pl_avoir_w_raou_s338378_8	1
com_CON_subord_come1_w_raou_s339601_4 avés_VER_pres_2_pl_avoir_w_raou_s339601_5	1
com_CON_subord_come1_w_reis_s347186_7 ot_VER_simp_3_sg_avoir_öir_w_reis_s347186_8	1
com_CON_subord_come1_w_reis_s347604_8 aportees_VER_pper_femi_pl_aporter_w_reis_s347604_9	1
com_CON_subord_come1_w_reis_s347607_9 overte_VER_pper_femi_sg_ovrir_w_reis_s347607_10	1
com_CON_subord_come1_w_remi_s348479_2 entendre_VER_infi_entendre_w_remi_s348479_3	1
com_CON_subord_come1_w_remi_s349289_1 onques_ADV_onque_w_remi_s349289_2	1
com_CON_subord_come1_w_remi_s349627_4 a_PRE_a3_a_w_remi_s349627_5	1
com_CON_subord_come1_w_remi_s350149_2 en_PRE_en1_en_w_remi_s350149_3	1
com_CON_subord_come1_w_remi_s350432_3 elle_PRO_pers_suj_3_femi_sg_ele_il_w_remi_s350432_4	1
com_CON_subord_come1_w_ren2_s353135_4 afaistiez_VER_pper_masc_pl_UNKNOWN_w_ren2_s353135_5	1
com_CON_subord_come1_w_robert_s354518_4 est_VER_pres_3_sg_ester_estre1_w_robert_s354518_5	1
com_CON_subord_come1_w_robin_s354991_2 ele_PRO_pers_suj_3_femi_sg_ele_il_w_robin_s354991_3	1
com_CON_subord_come1_w_rome_s366550_4 ainz_ADV_ainc_ainz_w_rome_s366550_5	1
com_CON_subord_come1_w_rome_s366837_2 autre_ADJ_obj_femi_sg_autre_w_rome_s366837_3	1
com_CON_subord_come1_w_rome_s367218_4 a_PRE_a3_a_w_rome_s367218_5	1
com_CON_subord_come1_w_rome_s367854_2 on_PRO_invar_on_w_rome_s367854_3	1
com_CON_subord_come1_w_romh_s368222_4 ains_ADV_ainc_ains3_w_romh_s368222_5	1
com_CON_subord_come1_w_romh_s368929_4 a_PRE_a3_a_w_romh_s368929_5	1
com_CON_subord_come1_w_romh_s369013_1 ysengrins_NPR_suj_masc_sg_ysangrin_w_romh_s369013_2	1
com_CON_subord_come1_w_romi_s369812_4 ains_ADV_ainc_ains3_w_romi_s369812_5	1
com_CON_subord_come1_w_romi_s370059_1 ysengrin_NPR_suj_masc_sg_ysangrin_w_romi_s370059_2	1
com_CON_subord_come1_w_roml_s372699_2 en_PRO_invar_en2_en_w_roml_s372699_3	1
com_CON_subord_come1_w_roml_s373011_1 ysangrin_NPR_suj_masc_sg_ysangrin_w_roml_s373011_2	1
com_CON_subord_come1_w_roml_s373524_2 en_PRO_invar_en2_en_w_roml_s373524_3	1
com_CON_subord_come1_w_romm_s373843_4 ainz_ADV_ainc_ainz_w_romm_s373843_5	1
com_CON_subord_come1_w_romm_s374157_1 a_PRE_a3_a_w_romm_s374157_2	1
com_CON_subord_come1_w_romm_s374663_4 a_PRE_a3_a_w_romm_s374663_5	1
com_CON_subord_come1_w_romm_s375066_4 affetiez_VER_pper_masc_pl_afaitier_w_romm_s375066_5	1
com_CON_subord_come1_w_romo_s375574_4 ains_ADV_ainc_ains3_w_romo_s375574_5	1
com_CON_subord_come1_w_romo_s375738_2 entr_PRE_entre2_w_romo_s375738_3	1
com_CON_subord_come1_w_romo_s376347_1 ysangrin_NPR_suj_masc_sg_ysangrin_w_romo_s376347_2	1
com_CON_subord_come1_w_rou1_s381203_7 en_PRE_en1_en_w_rou1_s381203_8	1
com_CON_subord_come1_w_rou1_s381340_6 el_PREDET_en_obj_masc_sg_en1+le_w_rou1_s381340_7	1
com_CON_subord_come1_w_sapient_s390547_11 en_PRE_en1_en_w_sapient_s390547_12	1
com_CON_subord_come1_w_sapient_s390602_14 om_PRO_invar_on_w_sapient_s390602_15	1
com_CON_subord_come1_w_sapient_s390660_37 en_PRE_en1_en_w_sapient_s390660_38	1
com_CON_subord_come1_w_sapient_s390676_33 a_PRE_a3_a_w_sapient_s390676_34	1
com_CON_subord_come1_w_sapient_s390729_19 en_PRE_en1_en_w_sapient_s390729_20	1
com_CON_subord_come1_w_sapient_s390836_22 en_PRE_en1_en_w_sapient_s390836_23	1
com_CON_subord_come1_w_sapient_s390838_16 a_PRE_a3_a_w_sapient_s390838_17	1
com_CON_subord_come1_w_sapient_s390866_13 adam_NPR_suj_masc_sg_adam_w_sapient_s390866_14	1
com_CON_subord_come1_w_sept_s390922_1 alpheus_NPR_suj_masc_sg_UNKNOWN_w_sept_s390922_2	1
com_CON_subord_come1_w_sept_s390935_2 ele_PRO_pers_suj_3_femi_sg_ele_il_w_sept_s390935_3	1
com_CON_subord_come1_w_sept_s391135_1 erent_VER_impf_3_pl_arer_arer_estre1_w_sept_s391135_2	1
com_CON_subord_come1_w_sergbH_s391860_3 ele_PRO_pers_suj_3_femi_sg_ele_il_w_sergbH_s391860_4	1
com_CON_subord_come1_w_sergbH_s391953_1 ad_VER_pres_3_sg_avoir_w_sergbH_s391953_2	1
com_CON_subord_come1_w_sergbH_s392863_7 en_PRO_clit_en2_en_w_sergbH_s392863_8	1
com_CON_subord_come1_w_stsilv_s395302_1 au_PREDET_a_obj_masc_sg_a+le_le_w_stsilv_s395302_2	1
com_CON_subord_come1_w_stsilv_s395405_3 a_PRE_a3_a_w_stsilv_s395405_4	1
com_CON_subord_come1_w_stsilv_s395435_1 a_PRE_a3_a_w_stsilv_s395435_2	1
com_CON_subord_come1_w_stsilv_s395489_1 escherdes_NOM_suj_femi_pl_escharde_w_stsilv_s395489_2	1
com_CON_subord_come1_w_stsilv_s395524_1 est_VER_pres_3_sg_ester_estre1_w_stsilv_s395524_2	1
com_CON_subord_come1_w_stsilv_s395586_4 en_PRE_en1_en_w_stsilv_s395586_5	1
com_CON_subord_come1_w_stsilv_s395636_2 ele_PRO_pers_suj_3_femi_sg_ele_il_w_stsilv_s395636_3	1
com_CON_subord_come1_w_stsilv_s395670_1 encore_ADV_encore_w_stsilv_s395670_2	1
com_CON_subord_come1_w_stsilv_s395919_5 ele_PRO_pers_suj_3_femi_sg_ele_il_w_stsilv_s395919_6	1
com_CON_subord_come1_w_stsilv_s396142_1 altre_ADJ_obj_masc_sg_altre_autre_w_stsilv_s396142_2	1
com_CON_subord_come1_w_stsilv_s396266_3 est_VER_pres_3_sg_ester_estre1_w_stsilv_s396266_4	1
com_CON_subord_come1_w_stsilv_s396297_4 en_PRE_en1_en_w_stsilv_s396297_5	1
com_CON_subord_come1_w_stsilv_s396368_1 est_VER_pres_3_sg_ester_estre1_w_stsilv_s396368_2	1
com_CON_subord_come1_w_stsilv_s396373_1 a_PRE_a3_a_w_stsilv_s396373_2	1
com_CON_subord_come1_w_sully2_s397013_3 ol_PRO_invar_il_w_sully2_s397013_4	1
com_CON_subord_come1_w_trib_s404541_1 ele_PRO_pers_suj_3_femi_sg_ele_il_w_trib_s404541_2	1
com_CON_subord_come1_w_trib_s404542_2 el_PRO_pers_suj_3_femi_sg_il_w_trib_s404542_3	1
com_CON_subord_come1_w_trib_s404693_1 a_PRE_a3_a_w_trib_s404693_2	1
com_CON_subord_come1_w_trib_s404909_4 out_VER_simp_3_sg_avoir_oloir_w_trib_s404909_5	1
com_CON_subord_come1_w_trib_s404960_4 angoisos_ADJ_suj_masc_sg_angoissos_w_trib_s404960_5	1
com_CON_subord_come1_w_trib_s404999_2 el_PREDET_en_obj_masc_sg_en1+le_w_trib_s404999_3	1
com_CON_subord_come1_w_vache_s410274_4 amerres_NOM_suj_masc_sg_amëor_w_vache_s410274_5	1
com_CON_subord_come1_w_vache_s410275_4 enseignerres_NOM_suj_masc_sg_UNKNOWN_w_vache_s410275_5	1
com_CON_subord_come1_w_vache_s410737_3 ovides_NPR_suj_masc_sg_UNKNOWN_w_vache_s410737_4	1
com_CON_subord_come1_w_vache_s411465_3 amours_NOM_suj_femi_sg_amor_w_vache_s411465_4	1
com_CON_subord_come1_w_vcou_s413340_2 adans_NPR_suj_masc_sg_adam_w_vcou_s413340_3	1
com_CON_subord_come1_w_vergia_s414018_1 ele_PRO_pers_suj_3_femi_sg_ele_il_w_vergia_s414018_2	1
com_CON_subord_come1_w_vergia_s414020_3 ele_PRO_pers_suj_3_femi_sg_ele_il_w_vergia_s414020_4	1
com_CON_subord_come1_w_vergia_s414171_5 el_PRO_pers_suj_3_femi_sg_il_w_vergia_s414171_6	1
com_CON_subord_come1_w_vergia_s414484_2 esbahis_VER_pper_masc_pl_esbäir_w_vergia_s414484_3	1
com_CON_subord_come1_w_vergib_s414968_1 elle_PRO_pers_suj_3_femi_sg_ele_il_w_vergib_s414968_2	1
com_CON_subord_come1_w_vergib_s414970_3 elle_PRO_pers_suj_3_femi_sg_ele_il_w_vergib_s414970_4	1
com_CON_subord_come1_w_vergib_s415010_1 amours_NOM_suj_femi_sg_amor_w_vergib_s415010_2	1
com_CON_subord_come1_w_vergib_s415126_5 el_PRO_pers_suj_3_femi_sg_il_w_vergib_s415126_6	1
com_CON_subord_come1_w_vergib_s415223_1 apris_VER_pper_masc_sg_aprendre_prendre_w_vergib_s415223_2	1
com_CON_subord_come1_w_vergib_s415341_1 a_PRE_a3_a_w_vergib_s415341_2	1
com_CON_subord_come1_w_vergib_s415441_2 esbahiz_VER_pper_masc_pl_esbäir_w_vergib_s415441_3	1
com_CON_subord_come1_w_vergif_s417807_6 or_ADV_or4_or_w_vergif_s417807_7	1
com_CON_subord_come1_w_vergig_s418753_6 or_ADV_or4_or_w_vergig_s418753_7	1
com_CON_subord_come1_w_vergig_s418910_5 ele_PRO_pers_suj_3_femi_sg_ele_il_w_vergig_s418910_6	1
com_CON_subord_come1_w_vergih_s419725_1 ele_PRO_pers_suj_3_femi_sg_ele_il_w_vergih_s419725_2	1
com_CON_subord_come1_w_vergih_s419880_5 ele_PRO_pers_suj_3_femi_sg_ele_il_w_vergih_s419880_6	1
com_CON_subord_come1_w_vergih_s420097_1 a_PRE_a3_a_w_vergih_s420097_2	1
com_CON_subord_come1_w_vergii_s420675_6 or_ADV_or4_or_w_vergii_s420675_7	1
com_CON_subord_come1_w_vergik_s421602_3 ele_PRO_pers_suj_3_femi_sg_ele_il_w_vergik_s421602_4	1
com_CON_subord_come1_w_vergik_s421832_1 apris_VER_pper_masc_sg_aprendre_prendre_w_vergik_s421832_2	1
com_CON_subord_come1_w_volu_s429124_4 est_VER_pres_3_sg_ester_estre1_w_volu_s429124_5	1
com_CON_subord_come1_w_wita_s429751_1 en_PRE_en1_en_w_wita_s429751_2	1
com_CON_subord_come1_w_yonecQ_s431545_3 el_PRO_pers_suj_3_femi_sg_il_w_yonecQ_s431545_4	1
com_CON_subord_come1_w_yonecQ_s431631_3 ele_PRO_pers_suj_3_femi_sg_ele_il_w_yonecQ_s431631_4	1
com_CON_subord_come1_w_yonecQ_s431655_3 el_PRO_pers_suj_3_femi_sg_il_w_yonecQ_s431655_4	1
com_CON_subord_come1_w_yvf_s433614_3 est_VER_pres_3_sg_ester_estre1_w_yvf_s433614_4	1
com_CON_subord_come1_w_yvf_s433736_4 eue_NOM_suj_femi_sg_aigue_w_yvf_s433736_5	1
com_CON_subord_come1_w_yvf_s434222_1 arbaleste_NOM_suj_femi_sg_arbaleste_w_yvf_s434222_2	1
com_CON_subord_come1_w_yvh_s435590_2 a_VER_pres_3_sg_a3_a_w_yvh_s435590_3	1
com_CON_subord_come1_w_yvp_s436584_2 a_VER_pres_3_sg_a3_a_w_yvp_s436584_3	1
com_CON_subord_come1_w_yvv_s438642_4 eue_NOM_suj_femi_sg_aigue_w_yvv_s438642_5	1
comm_CON_subord_come1_come_w_amou_s15886_4 au_PREDET_a_obj_masc_sg_a+le_le_w_amou_s15886_5	1
comm_CON_subord_come1_come_w_arr_s22150_4 eles_PRO_pers_suj_3_femi_pl_ele_il_w_arr_s22150_5	1
con_CON_subord_come1_w_ailed_s4059_2 en_PRO_clit_en1_en_w_ailed_s4059_3	1
con_CON_subord_come1_w_ailed_s4532_5 oser_VER_infi_oser_w_ailed_s4532_6	1
con_CON_subord_come1_w_ailet_s5987_3 en_PRE_en1_en_w_ailet_s5987_4	1
con_CON_subord_come1_w_aiol_s6365_5 ele_PRO_pers_suj_3_femi_sg_ele_il_w_aiol_s6366_1	1
con_CON_subord_come1_w_aiol_s6626_2 yy_ADJ_card_deus_ii_w_aiol_s6626_3	1
con_CON_subord_come1_w_amo_s14437_5 esragiés_VER_pper_masc_pl_esrachier2_esragier_w_amo_s14437_6	1
con_CON_subord_come1_w_baisieux_s29847_5 amis_NOM_suj_masc_sg_ami_w_baisieux_s29847_6	1
con_CON_subord_come1_w_barlaam_s31656_4 ele_PRO_pers_suj_3_femi_sg_ele_il_w_barlaam_s31656_5	1
con_CON_subord_come1_w_bodo_s48974_2 ancois_ADV_ainçois_w_bodo_s48974_3	1
con_CON_subord_come1_w_bodo_s49116_2 ele_PRO_pers_suj_3_femi_sg_ele_il_w_bodo_s49116_3	1
con_CON_subord_come1_w_calex_s51209_4 orent_VER_simp_3_pl_avoir_orer2_w_calex_s51209_5	1
con_CON_subord_come1_w_compoit_s79072_3 avoec_PRE_avuec_w_compoit_s79072_4	1
con_CON_subord_come1_w_compoit_s79182_3 ele_PRO_pers_suj_3_femi_sg_ele_il_w_compoit_s79182_4	1
con_CON_subord_come1_w_compoit_s79530_5 esragiés_VER_pper_masc_pl_esrachier2_esragier_w_compoit_s79530_6	1
con_CON_subord_come1_w_compoit_s79605_2 est_VER_pres_3_sg_ester_estre1_w_compoit_s79605_3	1
con_CON_subord_come1_w_compoit_s80456_2 autre_ADJ_obj_femi_sg_autre_w_compoit_s80456_3	1
con_CON_subord_come1_w_contre_s83129_3 a_PRE_a3_a_w_contre_s83129_4	1
con_CON_subord_come1_w_contre_s83829_1 a_PRE_a3_a_w_contre_s83829_2	1
con_CON_subord_come1_w_contre_s84165_5 el_PRO_pers_suj_3_femi_sg_il_w_contre_s84165_6	1
con_CON_subord_come1_w_contro_s86006_4 oi_VER_pper_masc_sg_avoir_öir_w_contro_s86006_5	1
con_CON_subord_come1_w_contro_s86070_4 avez_VER_pres_2_pl_avoir_w_contro_s86070_5	1
con_CON_subord_come1_w_cordres_s88621_2 ai_VER_pres_1_sg_aidier_avoir_w_cordres_s88621_3	1
con_CON_subord_come1_w_cordres_s89044_4 estes_VER_pres_2_pl_ester_estre1_w_cordres_s89044_5	1
con_CON_subord_come1_w_cordres_s89320_9 as_VER_pres_2_sg_avoir_w_cordres_s89320_10	1
con_CON_subord_come1_w_desp_s93937_3 ainc_ADV_ainc_w_desp_s93937_4	1
con_CON_subord_come1_w_elie_s106342_7 estoit_VER_impf_3_sg_ester_estre1_w_elie_s106342_8	1
con_CON_subord_come1_w_epee_s111135_4 el_PRO_pers_suj_3_femi_sg_il_w_epee_s111135_5	1
con_CON_subord_come1_w_epee_s111137_3 el_PRO_pers_suj_3_femi_sg_il_w_epee_s111137_4	1
con_CON_subord_come1_w_epee_s111240_4 el_PRO_pers_suj_3_femi_sg_il_w_epee_s111240_5	1
con_CON_subord_come1_w_fabb_s125797_3 el_PRO_pers_suj_3_femi_sg_il_w_fabb_s125797_4	1
con_CON_subord_come1_w_fablesC_s135898_2 auenture_NOM_suj_femi_sg_aventure_w_fablesC_s135898_3	1
con_CON_subord_come1_w_fablesC_s135906_1 es_PREDET_en_obj_masc_pl_en1+le_le_w_fablesC_s135906_2	1
con_CON_subord_come1_w_fablesC_s135956_1 ele_PRO_pers_suj_3_femi_pl_ele_il_w_fablesC_s135956_2	1
con_CON_subord_come1_w_fablesC_s136165_1 a_PRE_a3_a_w_fablesC_s136165_2	1
con_CON_subord_come1_w_fablesC_s136215_4 est_VER_pres_3_sg_ester_estre1_w_fablesC_s136215_5	1
con_CON_subord_come1_w_fablesC_s136321_1 a_PRE_a3_a_w_fablesC_s136321_2	1
con_CON_subord_come1_w_fablesC_s136346_1 ele_PRO_pers_suj_3_femi_sg_ele_il_w_fablesC_s136346_2	1
con_CON_subord_come1_w_fablesC_s136576_1 el_PRO_pers_suj_3_femi_pl_il_w_fablesC_s136576_2	1
con_CON_subord_come1_w_fablesC_s136605_1 ensemble_ADV_ensemble_w_fablesC_s136605_2	1
con_CON_subord_come1_w_fablesC_s136990_1 a_PRE_a3_a_w_fablesC_s136990_2	1
con_CON_subord_come1_w_fablesC_s137012_1 el_PRO_pers_suj_3_femi_sg_il_w_fablesC_s137012_2	1
con_CON_subord_come1_w_fablesC_s137932_3 ele_PRO_pers_suj_3_femi_sg_ele_il_w_fablesC_s137932_4	1
con_CON_subord_come1_w_fablesC_s138212_2 ains_ADV_ainc_ains3_w_fablesC_s138212_3	1
con_CON_subord_come1_w_fablesC_s138537_2 en_PRE_en1_en_w_fablesC_s138537_3	1
con_CON_subord_come1_w_fablesC_s138546_1 entre_PRE_entre2_entre_w_fablesC_s138546_2	1
con_CON_subord_come1_w_fablesC_s138623_1 est_VER_pres_3_sg_ester_estre1_w_fablesC_s138623_2	1
con_CON_subord_come1_w_fablesC_s138680_1 o_PRE_o4_o_w_fablesC_s138680_2	1
con_CON_subord_come1_w_fablesK_s142419_4 en_PRE_en1_en_w_fablesK_s142419_5	1
con_CON_subord_come1_w_fablesK_s142866_3 ele_PRO_pers_suj_3_femi_sg_ele_il_w_fablesK_s142866_4	1
con_CON_subord_come1_w_fablesK_s143473_2 en_PRE_en1_en_w_fablesK_s143473_3	1
con_CON_subord_come1_w_fablesK_s143622_1 est_VER_pres_3_sg_ester_estre1_w_fablesK_s143622_2	1
con_CON_subord_come1_w_fablesK_s143680_1 o_PRE_o4_o_w_fablesK_s143680_2	1
con_CON_subord_come1_w_flo_s158621_5 or_ADV_or4_or_w_flo_s158621_6	1
con_CON_subord_come1_w_flo_s159011_5 elle_PRO_pers_suj_3_femi_sg_ele_il_w_flo_s159011_6	1
con_CON_subord_come1_w_flo_s159024_1 a_PRE_a3_a_w_flo_s159024_2	1
con_CON_subord_come1_w_flo_s159026_6 elle_PRO_pers_suj_3_femi_sg_ele_il_w_flo_s159026_7	1
con_CON_subord_come1_w_floov_s159756_5 on_NOM_suj_masc_sg_on_w_floov_s159756_6	1
con_CON_subord_come1_w_floov_s159918_5 autres_ADJ_obj_masc_pl_autre_w_floov_s159918_6	1
con_CON_subord_come1_w_floov_s159923_7 el_ADV_il_w_floov_s159923_8	1
con_CON_subord_come1_w_floov_s160283_6 autres_ADJ_suj_masc_sg_autre_w_floov_s160283_7	1
con_CON_subord_come1_w_jouf_s199699_1 est_VER_pres_3_sg_ester_estre1_w_jouf_s199699_2	1
con_CON_subord_come1_w_juda_s200883_4 autre_ADJ_obj_femi_sg_autre_w_juda_s200883_5	1
con_CON_subord_come1_w_livre_s210523_2 est_VER_pres_3_sg_ester_estre1_w_livre_s210523_3	1
con_CON_subord_come1_w_livre_s210663_3 est_VER_pres_3_sg_ester_estre1_w_livre_s210663_4	1
con_CON_subord_come1_w_livre_s210910_2 a_VER_pres_3_sg_avoir_w_livre_s210910_3	1
con_CON_subord_come1_w_livre_s211190_2 a_VER_pres_3_sg_a3_a_w_livre_s211190_3	1
con_CON_subord_come1_w_livre_s211555_2 autres_ADJ_obj_masc_pl_autre_w_livre_s211555_3	1
con_CON_subord_come1_w_livre_s211739_1 ert_VER_futu_3_sg_estre1_estre_w_livre_s211739_2	1
con_CON_subord_come1_w_malk_s219608_2 ars_NOM_suj_masc_sg_arc_ars_w_malk_s219608_3	1
con_CON_subord_come1_w_malk_s219690_1 argens_NOM_suj_masc_sg_argent_w_malk_s219690_2	1
con_CON_subord_come1_w_malk_s219986_2 estoilles_NOM_obj_femi_pl_estoile_w_malk_s219986_3	1
con_CON_subord_come1_w_malk_s220642_1 yy_ADJ_card_deus_ii_w_malk_s220642_2	1
con_CON_subord_come1_w_malk_s220813_5 a_PRE_a3_a_w_malk_s220813_6	1
con_CON_subord_come1_w_malk_s221404_5 anjalé_VER_pper_masc_sg_UNKNOWN_w_malk_s221404_6	1
con_CON_subord_come1_w_malk_s221409_4 a_PRE_a3_a_w_malk_s221409_5	1
con_CON_subord_come1_w_malk_s221438_2 yvoires_NOM_suj_masc_sg_ivoire_w_malk_s221438_3	1
con_CON_subord_come1_w_malk_s221841_2 or_ADV_or4_or_w_malk_s221841_3	1
con_CON_subord_come1_w_malk_s222010_6 esgaree_VER_pper_femi_sg_esgarer_w_malk_s222010_7	1
con_CON_subord_come1_w_marga_s222041_1 el_PRO_pers_suj_3_femi_sg_il_w_marga_s222041_2	1
con_CON_subord_come1_w_meun_s233790_5 el_PRO_pers_suj_3_femi_sg_il_w_meun_s233790_6	1
con_CON_subord_come1_w_meun_s234184_2 estoiles_NOM_suj_femi_pl_estoile_w_meun_s234184_3	1
con_CON_subord_come1_w_meun_s234191_3 ele_PRO_pers_suj_3_femi_sg_ele_il_w_meun_s234191_4	1
con_CON_subord_come1_w_meun_s234699_3 ardoir_VER_infi_ardre_w_meun_s234699_4	1
con_CON_subord_come1_w_meun_s234797_1 orgueilleus_ADJ_suj_masc_sg_orgoillos_w_meun_s234797_2	1
con_CON_subord_come1_w_meun_s235079_2 ele_PRO_pers_suj_3_femi_sg_ele_il_w_meun_s235079_3	1
con_CON_subord_come1_w_meun_s235489_2 avez_VER_pres_2_pl_avoir_w_meun_s235489_3	1
con_CON_subord_come1_w_meun_s236231_2 ovides_NPR_suj_masc_sg_UNKNOWN_w_meun_s236231_3	1
con_CON_subord_come1_w_moral2_s246001_6 autre_ADJ_suj_masc_sg_autre_w_moral2_s246001_7	1
con_CON_subord_come1_w_moral2_s246002_2 orgues_NOM_suj_masc_sg_orgene_w_moral2_s246002_3	1
con_CON_subord_come1_w_moral2_s246452_5 autre_ADJ_suj_masc_sg_autre_w_moral2_s246452_6	1
con_CON_subord_come1_w_mule_s250627_2 ele_PRO_pers_suj_3_femi_sg_ele_il_w_mule_s250627_3	1
con_CON_subord_come1_w_mule_s250751_1 o_PREDET_en_obj_masc_sg_o4_o_w_mule_s250751_2	1
con_CON_subord_come1_w_mule_s250825_2 eles_PRO_pers_suj_3_femi_pl_ele_il_w_mule_s250825_3	1
con_CON_subord_come1_w_mule_s251111_1 a_PRE_a3_a_w_mule_s251111_2	1
con_CON_subord_come1_w_ndchar_s259915_3 en_PRE_en1_en_w_ndchar_s259915_4	1
con_CON_subord_come1_w_neele_s262998_1 amors_NOM_suj_femi_sg_amor_amors_w_neele_s262998_2	1
con_CON_subord_come1_w_neele_s263275_6 oisaus_NOM_suj_masc_sg_oisel_w_neele_s263275_7	1
con_CON_subord_come1_w_neele_s263294_3 ydone_NPR_suj_femi_sg_UNKNOWN_w_neele_s263294_4	1
con_CON_subord_come1_w_neele_s263318_3 ele_PRO_pers_suj_3_femi_sg_ele_il_w_neele_s263318_4	1
con_CON_subord_come1_w_neele_s263319_1 amadas_NPR_suj_masc_sg_amadas_w_neele_s263319_2	1
con_CON_subord_come1_w_nic_s263668_1 est_VER_pres_3_sg_ester_estre1_w_nic_s263668_2	1
con_CON_subord_come1_w_nic_s263881_2 as_VER_pres_2_sg_a+le_le_w_nic_s263881_3	1
con_CON_subord_come1_w_nic_s264144_3 as_VER_pres_2_sg_a+le_le_w_nic_s264144_4	1
con_CON_subord_come1_w_nima2_s269301_4 estes_VER_pres_2_pl_ester_estre1_w_nima2_s269301_5	1
con_CON_subord_come1_w_nima4_s271678_5 au_PREDET_a_obj_masc_pl_a+le_le_w_nima4_s271678_6	1
con_CON_subord_come1_w_nimc_s276374_5 autre_ADJ_suj_masc_sg_autre_w_nimc_s276374_6	1
con_CON_subord_come1_w_nimc_s276387_5 autre_ADJ_obj_masc_sg_autre_w_nimc_s276387_6	1
con_CON_subord_come1_w_nimd_s278567_2 est_VER_pres_3_sg_ester_estre1_w_nimd_s278567_3	1
con_CON_subord_come1_w_nouvel_s279763_1 encriemes_ADJ_suj_masc_sg_encrieme_w_nouvel_s279763_2	1
con_CON_subord_come1_w_orso_s285417_5 elle_PRO_pers_suj_3_femi_sg_ele_il_w_orso_s285417_6	1
con_CON_subord_come1_w_orso_s285849_9 as_VER_pres_2_sg_a+le_le_w_orso_s285849_10	1
con_CON_subord_come1_w_orso_s286493_5 estes_VER_pres_2_pl_ester_estre1_w_orso_s286493_6	1
con_CON_subord_come1_w_orso_s286805_4 a_VER_pres_3_sg_a3_a_w_orso_s286805_5	1
con_CON_subord_come1_w_orso_s286816_8 aclavons_NOM_suj_masc_sg_UNKNOWN_w_orso_s286816_9	1
con_CON_subord_come1_w_orso_s286989_5 as_VER_pres_2_sg_a+le_le_w_orso_s286989_6	1
con_CON_subord_come1_w_perb_s293828_1 en_PRO_invar_en2_en_w_perb_s293828_2	1
con_CON_subord_come1_w_percevalb_s297307_1 en_PRO_invar_en2_en_w_percevalb_s297307_2	1
con_CON_subord_come1_w_perp_s315029_2 oi_VER_pper_masc_sg_avoir_öir_w_perp_s315029_3	1
con_CON_subord_come1_w_ren2_s351964_3 en_PRE_en1_en_w_ren2_s351964_4	1
con_CON_subord_come1_w_ren2_s352983_2 aventure_NOM_suj_femi_sg_aventure_w_ren2_s352983_3	1
con_CON_subord_come1_w_ren2_s353115_4 ele_PRO_pers_suj_3_femi_sg_ele_il_w_ren2_s353115_5	1
con_CON_subord_come1_w_ren2_s353357_2 est_VER_pres_3_sg_ester_estre1_w_ren2_s353357_3	1
con_CON_subord_come1_w_roma_s360299_4 afaitiez_VER_pper_masc_pl_afaitier_w_roma_s360299_5	1
con_CON_subord_come1_w_romb_s361090_2 en_PRO_invar_en2_en_w_romb_s361090_3	1
con_CON_subord_come1_w_romc_s363229_4 ainz_ADV_ainc_ainz_w_romc_s363229_5	1
con_CON_subord_come1_w_romc_s364150_1 ysengrin_NPR_suj_masc_sg_ysangrin_w_romc_s364150_2	1
con_CON_subord_come1_w_romc_s364454_4 afaitiez_VER_pper_masc_pl_afaitier_w_romc_s364454_5	1
con_CON_subord_come1_w_romk_s371800_4 afaitiés_VER_pper_masc_pl_afaitier_w_romk_s371800_5	1
con_CON_subord_come1_w_rose_s378410_5 estre_VER_infi_entr'estre_estre1_w_rose_s378410_6	1
con_CON_subord_come1_w_rose_s380024_1 yy_ADJ_card_deus_ii_w_rose_s380024_2	1
con_CON_subord_come1_w_vergih_s419765_1 amors_NOM_suj_femi_sg_amor_amors_w_vergih_s419765_2	1
con_CON_subord_come1_w_verite_s422985_1 est_VER_pres_3_sg_ester_estre1_w_verite_s422985_2	1
con_CON_subord_come1_w_verite_s423311_1 est_VER_pres_3_sg_ester_estre1_w_verite_s423311_2	1
con_CON_subord_come1_w_verite_s423336_5 est_VER_pres_3_sg_ester_estre1_w_verite_s423336_6	1
con_CON_subord_come1_w_verite_s424144_1 amez_VER_pper_masc_pl_amer1_amer_w_verite_s424144_2	1
con_CON_subord_come1_w_vilea_s426415_5 a_PRE_a3_a_w_vilea_s426416_1	1
con_CON_subord_come1_w_vilea_s426422_4 a_PRE_a3_a_w_vilea_s426422_5	1
con_CON_subord_come1_w_vilea_s426546_4 a_PRE_a3_a_w_vilea_s426546_5	1
con_CON_subord_come1_w_vilhar_s427955_10 eussent_VER_subi_3_pl_avoir_w_vilhar_s427955_11	1
con_CON_subord_come1_w_yonecP_s431098_3 ele_PRO_pers_suj_3_femi_sg_ele_il_w_yonecP_s431098_4	1
con_CON_subord_come1_w_yzop_s441552_4 enraigiez_VER_pper_masc_pl_UNKNOWN_w_yzop_s441552_5	1
conm_CON_subord_come1_come_w_contro_s86760_2 an_PRE_en1_en_w_contro_s86760_3	1
conm_CON_subord_come1_come_w_marga_s222291_5 a_VER_pres_3_sg_a3_a_w_marga_s222291_6	1
cum_CON_subord_come1_w_aileg_s4584_2 en_PRO_clit_en1_en_w_aileg_s4584_3	1
cum_CON_subord_come1_w_alexo_s7894_7 a_PRE_a3_a_w_alexo_s7894_8	1
cum_CON_subord_come1_w_alexo_s8008_5 a_PRE_a3_a_w_alexo_s8008_6	1
cum_CON_subord_come1_w_alexo_s8046_5 ait_VER_pres_3_sg_aidier_avoir_w_alexo_s8046_6	1
cum_CON_subord_come1_w_alexo_s8049_10 or_ADV_or4_or_w_alexo_s8049_11	1
cum_CON_subord_come1_w_alexo_s8099_7 aveiz_VER_pres_2_pl_avoir_w_alexo_s8099_8	1
cum_CON_subord_come1_w_alexo_s8125_4 aveiz_VER_pres_2_pl_avoir_w_alexo_s8125_5	1
cum_CON_subord_come1_w_alexo_s8286_5 altres_ADJ_suj_masc_sg_autre_w_alexo_s8286_6	1
cum_CON_subord_come1_w_alexo_s8490_1 estoile_NOM_obj_femi_sg_estoile_estoire2_w_alexo_s8490_2	1
cum_CON_subord_come1_w_alexo_s8499_6 altre_ADJ_suj_femi_sg_altre_autre_w_alexo_s8499_7	1
cum_CON_subord_come1_w_alexo_s8561_6 ert_VER_impf_3_sg_estre1_estre_w_alexo_s8561_7	1
cum_CON_subord_come1_w_alexo_s8595_9 ai_VER_pres_1_sg_aidier_avoir_w_alexo_s8595_10	1
cum_CON_subord_come1_w_alexo_s8607_1 a_PRE_a3_a_w_alexo_s8607_2	1
cum_CON_subord_come1_w_alexo_s8647_9 or_ADV_or4_or_w_alexo_s8647_10	1
cum_CON_subord_come1_w_alia_s11201_9 aresta_NOM_suj_femi_sg_arester_w_alia_s11201_10	1
cum_CON_subord_come1_w_alia_s11575_2 au_PREDET_a_obj_masc_sg_a+le_le_w_alia_s11575_3	1
cum_CON_subord_come1_w_alia_s11606_2 aus_PREDET_a_obj_femi_pl_a+le_le_w_alia_s11606_3	1
cum_CON_subord_come1_w_alia_s9094_5 estra_VER_infi_estre_w_alia_s9094_6	1
cum_CON_subord_come1_w_alia_s9246_5 avez_VER_pres_2_pl_avoir_w_alia_s9246_6	1
cum_CON_subord_come1_w_anti_s21873_1 avarice_NOM_suj_femi_sg_avarice_w_anti_s21873_2	1
cum_CON_subord_come1_w_beati_s33986_1 es_VER_pres_2_sg_en1+le_le_w_beati_s33986_2	1
cum_CON_subord_come1_w_beati_s34289_2 es_VER_pres_2_sg_estre1_estre_w_beati_s34289_3	1
cum_CON_subord_come1_w_beati_s34454_6 es_VER_pres_2_sg_estre1_estre_w_beati_s34454_7	1
cum_CON_subord_come1_w_bern2_s40948_2 es_VER_pres_2_sg_en1+le_le_w_bern2_s40948_3	1
cum_CON_subord_come1_w_bern2_s41323_3 espous_NOM_suj_masc_sg_espos_w_bern2_s41323_4	1
cum_CON_subord_come1_w_bern2_s41397_2 est_VER_pres_3_sg_ester_estre1_w_bern2_s41397_3	1
cum_CON_subord_come1_w_bern2_s41571_3 en_PRO_clit_en2_en_w_bern2_s41571_4	1
cum_CON_subord_come1_w_bern2_s42106_1 ele_PRO_pers_suj_3_femi_sg_ele_il_w_bern2_s42106_2	1
cum_CON_subord_come1_w_bern2_s42225_2 escrit_VER_pper_masc_sg_escrit_w_bern2_s42225_3	1
cum_CON_subord_come1_w_bern2_s42369_7 en_PRO_invar_en2_en_w_bern2_s42369_8	1
cum_CON_subord_come1_w_bern2_s42411_3 en_PRO_invar_en2_en_w_bern2_s42411_4	1
cum_CON_subord_come1_w_bern2_s42535_12 a_PRE_a3_a_w_bern2_s42536_1	1
cum_CON_subord_come1_w_bern2_s42673_3 escrit_VER_pper_masc_sg_escrit_w_bern2_s42673_4	1
cum_CON_subord_come1_w_bern2_s42706_2 est_VER_pres_3_sg_ester_estre1_w_bern2_s42706_3	1
cum_CON_subord_come1_w_bern2_s42726_8 en_PRE_en1_en_w_bern2_s42726_9	1
cum_CON_subord_come1_w_bern2_s42795_6 a_PRE_a3_a_w_bern2_s42795_7	1
cum_CON_subord_come1_w_bern2_s42971_10 en_PRE_en1_en_w_bern2_s42971_11	1
cum_CON_subord_come1_w_bern2_s42989_4 est_VER_pres_3_sg_ester_estre1_w_bern2_s42989_5	1
cum_CON_subord_come1_w_bern2_s43015_5 en_PRE_en1_en_w_bern2_s43015_6	1
cum_CON_subord_come1_w_bern2_s43033_9 en_PRO_invar_en2_en_w_bern2_s43033_10	1
cum_CON_subord_come1_w_bern2_s43211_10 est_VER_pres_3_sg_ester_estre1_w_bern2_s43212_1	1
cum_CON_subord_come1_w_bern2_s43211_2 es_VER_pres_2_sg_en1+le_le_w_bern2_s43211_3	1
cum_CON_subord_come1_w_bern2_s43213_8 est_VER_pres_3_sg_ester_estre1_w_bern2_s43213_9	1
cum_CON_subord_come1_w_bern2_s43253_8 al_PREDET_a_obj_masc_sg_a+le_le_w_bern2_s43253_9	1
cum_CON_subord_come1_w_bern2_s43385_6 ens_PREDET_en_obj_masc_pl_enz_w_bern2_s43385_7	1
cum_CON_subord_come1_w_bern2_s43392_5 a_PRE_a3_a_w_bern2_s43392_6	1
cum_CON_subord_come1_w_chro_s68861_1 est_VER_pres_3_sg_ester_estre1_w_chro_s68861_2	1
cum_CON_subord_come1_w_chro_s69561_4 a_PRE_a3_a_w_chro_s69561_5	1
cum_CON_subord_come1_w_chro_s70656_1 or_ADV_or4_or_w_chro_s70656_2	1
cum_CON_subord_come1_w_darm_s90661_5 en_PRO_clit_en2_en_w_darm_s90661_6	1
cum_CON_subord_come1_w_edmond_s96104_1 orét_VER_pres_2_pl_orer2_öir_w_edmond_s96104_2	1
cum_CON_subord_come1_w_edmond_s96518_2 est_VER_pres_3_sg_ester_estre1_w_edmond_s96518_3	1
cum_CON_subord_come1_w_edmond_s96526_1 apendi_VER_simp_3_sg_UNKNOWN_w_edmond_s96526_2	1
cum_CON_subord_come1_w_edmond_s96584_1 est_VER_pres_3_sg_ester_estre1_w_edmond_s96584_2	1
cum_CON_subord_come1_w_edmond_s96889_2 orez_VER_futu_2_pl_oïr_w_edmond_s96889_3	1
cum_CON_subord_come1_w_edmond_s97100_1 aturna_VER_simp_3_sg_atorner_w_edmond_s97100_2	1
cum_CON_subord_come1_w_edmond_s97107_2 al_PREDET_a_obj_masc_sg_a+le_le_w_edmond_s97107_3	1
cum_CON_subord_come1_w_edmond_s97424_1 ele_PRO_pers_suj_3_femi_sg_ele_il_w_edmond_s97424_2	1
cum_CON_subord_come1_w_edmond_s97686_1 oi_VER_infi_avoir_öir_w_edmond_s97686_2	1
cum_CON_subord_come1_w_edmond_s97698_1 a_PRE_a3_a_w_edmond_s97698_2	1
cum_CON_subord_come1_w_edmond_s97913_3 acun_DET_ind_suj_masc_sg_aucun_w_edmond_s97913_4	1
cum_CON_subord_come1_w_edmond_s98014_4 en_PRE_en1_en_w_edmond_s98014_5	1
cum_CON_subord_come1_w_edmund_s100903_1 euesques_NOM_suj_masc_pl_evesque_w_edmund_s100903_2	1
cum_CON_subord_come1_w_edmund_s100903_4 abez_NOM_suj_masc_pl_abet_abé_w_edmund_s100903_5	1
cum_CON_subord_come1_w_edmund_s101042_1 a_PRE_a3_a_w_edmund_s101042_2	1
cum_CON_subord_come1_w_edmund_s101346_1 escrit_VER_pper_masc_sg_escrit_w_edmund_s101346_2	1
cum_CON_subord_come1_w_edmund_s101445_1 ainz_ADV_ainc_ainz_w_edmund_s101445_2	1
cum_CON_subord_come1_w_edmund_s101995_5 a_PRE_a3_a_w_edmund_s101995_6	1
cum_CON_subord_come1_w_edmund_s98371_3 a_PRE_a3_a_w_edmund_s98371_4	1
cum_CON_subord_come1_w_edmund_s98791_2 encriesmé_VER_pper_masc_sg_UNKNOWN_w_edmund_s98791_3	1
cum_CON_subord_come1_w_edmund_s99000_5 est_VER_pres_3_sg_ester_estre1_w_edmund_s99000_6	1
cum_CON_subord_come1_w_edmund_s99152_3 estre_VER_infi_entr'estre_estre1_w_edmund_s99152_4	1
cum_CON_subord_come1_w_edmund_s99234_1 a_PRE_a3_a_w_edmund_s99234_2	1
cum_CON_subord_come1_w_edmund_s99824_1 en_PRE_en1_en_w_edmund_s99824_2	1
cum_CON_subord_come1_w_elid_s102885_2 avient_VER_pres_3_sg_avenir_avoir_w_elid_s102885_3	1
cum_CON_subord_come1_w_elid_s102900_2 avient_VER_pres_3_sg_avenir_avoir_w_elid_s102900_3	1
cum_CON_subord_come1_w_elid_s103245_3 est_VER_pres_3_sg_ester_estre1_w_elid_s103245_4	1
cum_CON_subord_come1_w_elid_s103259_2 ele_PRO_pers_suj_3_femi_sg_ele_il_w_elid_s103259_3	1
cum_CON_subord_come1_w_equiH_s111290_2 ainz_ADV_ainc_ainz_w_equiH_s111290_3	1
cum_CON_subord_come1_w_evrat1_s114263_4 eles_PRO_pers_suj_3_femi_pl_ele_il_w_evrat1_s114263_5	1
cum_CON_subord_come1_w_evrat1_s114343_2 eles_PRO_pers_suj_3_femi_pl_ele_il_w_evrat1_s114343_3	1
cum_CON_subord_come1_w_evrat1_s114653_2 en_PRE_en1_en_w_evrat1_s114653_3	1
cum_CON_subord_come1_w_evrat1_s114656_2 ens_ADV_enz_w_evrat1_s114656_3	1
cum_CON_subord_come1_w_evrat1_s114836_2 ot_VER_simp_3_sg_avoir_öir_w_evrat1_s114836_3	1
cum_CON_subord_come1_w_evrat1_s115092_2 ele_PRO_pers_suj_3_femi_sg_ele_il_w_evrat1_s115092_3	1
cum_CON_subord_come1_w_evrat1_s115099_2 as_PREDET_a_obj_masc_pl_a+le_le_w_evrat1_s115099_3	1
cum_CON_subord_come1_w_evrat1_s116077_2 ardure_NOM_suj_femi_sg_ardure_w_evrat1_s116077_3	1
cum_CON_subord_come1_w_evrat1_s116237_5 eles_PRO_pers_suj_3_femi_pl_ele_il_w_evrat1_s116237_6	1
cum_CON_subord_come1_w_evrat1_s116962_2 en_PRE_en1_en_w_evrat1_s116962_3	1
cum_CON_subord_come1_w_evrat1_s117098_4 abram_NPR_suj_masc_sg_abraham_w_evrat1_s117098_5	1
cum_CON_subord_come1_w_evrat1_s117102_3 abram_NPR_suj_masc_sg_abraham_w_evrat1_s117102_4	1
cum_CON_subord_come1_w_evrat1_s117489_2 abram_NPR_suj_masc_sg_abraham_w_evrat1_s117489_3	1
cum_CON_subord_come1_w_evrat1_s117594_2 ele_PRO_pers_suj_3_femi_sg_ele_il_w_evrat1_s117594_3	1
cum_CON_subord_come1_w_evrat1_s117693_5 espine_NOM_suj_femi_sg_espine_w_evrat1_s117693_6	1
cum_CON_subord_come1_w_evrat1_s117742_3 oelz_NOM_suj_masc_sg_ueil_w_evrat1_s117742_4	1
cum_CON_subord_come1_w_evrat1_s117776_2 eles_PRO_pers_suj_3_femi_pl_ele_il_w_evrat1_s117776_3	1
cum_CON_subord_come1_w_evrat1_s117798_2 en_PRE_en1_en_w_evrat1_s117798_3	1
cum_CON_subord_come1_w_evrat1_s117964_3 ele_PRO_pers_suj_3_femi_sg_ele_il_w_evrat1_s117964_4	1
cum_CON_subord_come1_w_evrat1_s118095_2 angles_NOM_suj_masc_sg_angele_w_evrat1_s118095_3	1
cum_CON_subord_come1_w_evrat1_s118353_2 abraham_NPR_suj_masc_sg_abraam_abraham_w_evrat1_s118353_3	1
cum_CON_subord_come1_w_evrat1_s118443_3 angles_NOM_obj_masc_pl_angele_w_evrat1_s118443_4	1
cum_CON_subord_come1_w_evrat1_s118476_2 en_PRE_en1_en_w_evrat1_s118476_3	1
cum_CON_subord_come1_w_evrat1_s118479_5 entende_VER_subp_1_sg_entendre_w_evrat1_s118479_6	1
cum_CON_subord_come1_w_evrat1_s118496_1 abraham_NPR_suj_masc_sg_abraam_abraham_w_evrat1_s118496_2	1
cum_CON_subord_come1_w_fablesA_s129884_5 est_VER_pres_3_sg_ester_estre1_w_fablesA_s129884_6	1
cum_CON_subord_come1_w_fablesA_s129991_1 a_PRE_a3_a_w_fablesA_s129991_2	1
cum_CON_subord_come1_w_fablesA_s130305_2 ele_PRO_pers_suj_3_femi_sg_ele_il_w_fablesA_s130305_3	1
cum_CON_subord_come1_w_fablesA_s130661_1 a_PRE_a3_a_w_fablesA_s130661_2	1
cum_CON_subord_come1_w_fablesA_s130906_4 einz_ADV_ainc_ainz_w_fablesA_s130906_5	1
cum_CON_subord_come1_w_fablesA_s131186_4 en_PRE_en1_en_w_fablesA_s131186_5	1
cum_CON_subord_come1_w_fablesA_s131632_3 ele_PRO_pers_suj_3_femi_sg_ele_il_w_fablesA_s131632_4	1
cum_CON_subord_come1_w_fablesA_s131912_2 einz_ADV_ainc_ainz_w_fablesA_s131912_3	1
cum_CON_subord_come1_w_fablesA_s132237_2 en_PRE_en1_en_w_fablesA_s132237_3	1
cum_CON_subord_come1_w_fablesA_s132246_1 entre_PRE_entre2_entre_w_fablesA_s132246_2	1
cum_CON_subord_come1_w_fablesA_s132383_1 est_VER_pres_3_sg_ester_estre1_w_fablesA_s132383_2	1
cum_CON_subord_come1_w_fablesA_s133085_2 ele_PRO_pers_suj_3_femi_sg_ele_il_w_fablesA_s133085_3	1
cum_CON_subord_come1_w_fablesA_s133122_1 ot_VER_simp_3_sg_avoir_öir_w_fablesA_s133122_2	1
cum_CON_subord_come1_w_fablesB_s133451_2 auenture_NOM_suj_femi_sg_aventure_w_fablesB_s133451_3	1
cum_CON_subord_come1_w_fablesB_s133892_5 est_VER_pres_3_sg_ester_estre1_w_fablesB_s133892_6	1
cum_CON_subord_come1_w_fablesB_s133999_1 a_PRE_a3_a_w_fablesB_s133999_2	1
cum_CON_subord_come1_w_fablesB_s134312_2 ele_PRO_pers_suj_3_femi_sg_ele_il_w_fablesB_s134312_3	1
cum_CON_subord_come1_w_fablesB_s134894_4 ainz_ADV_ainc_ainz_w_fablesB_s134894_5	1
cum_CON_subord_come1_w_fablesB_s134965_5 a_PRE_a3_a_w_fablesB_s134965_6	1
cum_CON_subord_come1_w_fablesB_s135018_4 erit_VER_simp_3_sg_UNKNOWN_w_fablesB_s135018_5	1
cum_CON_subord_come1_w_fablesB_s135716_2 einz_ADV_ainc_ainz_w_fablesB_s135716_3	1
cum_CON_subord_come1_w_fablesM_s145981_2 auenture_NOM_suj_femi_sg_aventure_w_fablesM_s145981_3	1
cum_CON_subord_come1_w_fablesM_s146422_5 est_VER_pres_3_sg_ester_estre1_w_fablesM_s146422_6	1
cum_CON_subord_come1_w_fablesM_s146529_1 a_PRE_a3_a_w_fablesM_s146529_2	1
cum_CON_subord_come1_w_fablesM_s146843_2 elle_PRO_pers_suj_3_femi_sg_ele_il_w_fablesM_s146843_3	1
cum_CON_subord_come1_w_fablesM_s147199_1 a_PRE_a3_a_w_fablesM_s147199_2	1
cum_CON_subord_come1_w_fablesM_s147446_5 ains_ADV_ainc_ains3_w_fablesM_s147446_6	1
cum_CON_subord_come1_w_fablesM_s147727_4 est_VER_pres_3_sg_ester_estre1_w_fablesM_s147727_5	1
cum_CON_subord_come1_w_fablesY_s151038_5 est_VER_pres_3_sg_ester_estre1_w_fablesY_s151038_6	1
cum_CON_subord_come1_w_fablesY_s151145_1 a_PRE_a3_a_w_fablesY_s151145_2	1
cum_CON_subord_come1_w_fablesY_s151392_2 ele_PRO_pers_suj_3_femi_sg_ele_il_w_fablesY_s151392_3	1
cum_CON_subord_come1_w_fablesY_s151528_1 a_PRE_a3_a_w_fablesY_s151528_2	1
cum_CON_subord_come1_w_gibv_s163138_2 aimes_VER_pres_2_sg_amer_estre_w_gibv_s163138_3	1
cum_CON_subord_come1_w_gibv_s163416_4 esragé_VER_pper_masc_sg_UNKNOWN_w_gibv_s163416_5	1
cum_CON_subord_come1_w_gorm_s164809_1 orguillos_ADJ_suj_masc_sg_orgoillos_w_gorm_s164809_2	1
cum_CON_subord_come1_w_gorm_s164935_1 aviez_VER_impf_2_pl_avoir_w_gorm_s164935_2	1
cum_CON_subord_come1_w_gorm_s164939_1 as_VER_pres_2_sg_a+le_le_w_gorm_s164939_2	1
cum_CON_subord_come1_w_guigH_s170497_2 ami_NOM_obj_masc_sg_ami_w_guigH_s170497_3	1
cum_CON_subord_come1_w_hard_s173211_4 a_PRE_a3_a_w_hard_s173211_5	1
cum_CON_subord_come1_w_hard_s173391_6 en_PRE_en1_en_w_hard_s173391_7	1
cum_CON_subord_come1_w_hard_s173442_2 a_PRE_a3_a_w_hard_s173442_3	1
cum_CON_subord_come1_w_hard_s173694_5 escrit_VER_pper_masc_sg_escrit_w_hard_s173694_6	1
cum_CON_subord_come1_w_hard_s173884_6 en_PRE_en1_en_w_hard_s173884_7	1
cum_CON_subord_come1_w_hard_s173886_2 en_PRE_en1_en_w_hard_s173886_3	1
cum_CON_subord_come1_w_hard_s173926_7 a_PRE_a3_a_w_hard_s173927_1	1
cum_CON_subord_come1_w_hard_s174418_4 engeles_NOM_suj_masc_sg_angele_w_hard_s174418_5	1
cum_CON_subord_come1_w_hard_s174518_3 a_PRE_a3_a_w_hard_s174518_4	1
cum_CON_subord_come1_w_ipo_s184939_1 au_PREDET_a_obj_masc_sg_a+le_le_w_ipo_s184939_2	1
cum_CON_subord_come1_w_ipo_s185221_2 ad_VER_pres_3_sg_avoir_w_ipo_s185221_3	1
cum_CON_subord_come1_w_ipo_s186113_3 affaitez_VER_pper_masc_pl_afaitier_w_ipo_s186113_4	1
cum_CON_subord_come1_w_ipo_s186392_3 ele_PRO_pers_suj_3_femi_sg_ele_il_w_ipo_s186392_4	1
cum_CON_subord_come1_w_ipo_s186586_1 ere_VER_futu_1_sg_arer_estre1_w_ipo_s186586_2	1
cum_CON_subord_come1_w_ipo_s186587_1 ere_VER_futu_1_sg_arer_estre1_w_ipo_s186587_2	1
cum_CON_subord_come1_w_ipo_s186746_3 el_PREDET_en_obj_masc_sg_en1+le_w_ipo_s186746_4	1
cum_CON_subord_come1_w_ipo_s186833_5 einz_ADV_ainc_ainz_w_ipo_s186833_6	1
cum_CON_subord_come1_w_ipo_s186882_1 ore_ADV_or4_or_w_ipo_s186882_2	1
cum_CON_subord_come1_w_ipo_s186981_1 ele_PRO_pers_suj_3_femi_sg_ele_il_w_ipo_s186981_2	1
cum_CON_subord_come1_w_ipo_s186992_1 ai_VER_pres_1_sg_aidier_avoir_w_ipo_s186992_2	1
cum_CON_subord_come1_w_ipo_s187131_1 ele_PRO_pers_suj_3_femi_sg_ele_il_w_ipo_s187131_2	1
cum_CON_subord_come1_w_ipo_s187208_2 esteiles_NOM_suj_femi_pl_estoile_w_ipo_s187208_3	1
cum_CON_subord_come1_w_ipo_s187404_1 est_VER_pres_3_sg_ester_estre1_w_ipo_s187404_2	1
cum_CON_subord_come1_w_ipo_s187783_1 estes_VER_pres_2_pl_ester_estre1_w_ipo_s187783_2	1
cum_CON_subord_come1_w_ipo_s188055_2 en_PRE_en1_en_w_ipo_s188055_3	1
cum_CON_subord_come1_w_ipo_s188222_1 ele_PRO_pers_suj_3_femi_sg_ele_il_w_ipo_s188222_2	1
cum_CON_subord_come1_w_ipo_s188964_1 ele_PRO_pers_suj_3_femi_sg_ele_il_w_ipo_s188964_2	1
cum_CON_subord_come1_w_ipo_s189301_1 ad_VER_pres_3_sg_avoir_w_ipo_s189301_2	1
cum_CON_subord_come1_w_ipo_s189496_1 enmi_PRE_enmi_w_ipo_s189496_2	1
cum_CON_subord_come1_w_ipo_s189795_4 ele_PRO_pers_suj_3_femi_sg_ele_il_w_ipo_s189795_5	1
cum_CON_subord_come1_w_ipo_s190114_1 ad_VER_pres_3_sg_avoir_w_ipo_s190114_2	1
cum_CON_subord_come1_w_ipo_s190161_1 est_VER_pres_3_sg_ester_estre1_w_ipo_s190161_2	1
cum_CON_subord_come1_w_ipo_s190727_5 est_VER_pres_3_sg_ester_estre1_w_ipo_s190727_6	1
cum_CON_subord_come1_w_ipo_s191261_3 ele_PRO_pers_suj_3_femi_sg_ele_il_w_ipo_s191261_4	1
cum_CON_subord_come1_w_ipo_s191543_2 a_PRE_a3_a_w_ipo_s191543_3	1
cum_CON_subord_come1_w_ipo_s191784_5 ad_VER_pres_3_sg_avoir_w_ipo_s191784_6	1
cum_CON_subord_come1_w_ipo_s192128_3 avez_VER_pres_2_pl_avoir_w_ipo_s192128_4	1
cum_CON_subord_come1_w_ipo_s192217_1 ad_VER_pres_3_sg_avoir_w_ipo_s192217_2	1
cum_CON_subord_come1_w_ipo_s192491_2 esteit_VER_impf_3_sg_ester_estre_w_ipo_s192491_3	1
cum_CON_subord_come1_w_ipo_s192572_5 estuz_VER_pper_masc_pl_ester_estre_w_ipo_s192572_6	1
cum_CON_subord_come1_w_ipo_s192861_5 est_VER_pres_3_sg_ester_estre1_w_ipo_s192861_6	1
cum_CON_subord_come1_w_ipo_s192928_1 ert_VER_impf_3_sg_estre1_estre_w_ipo_s192928_2	1
cum_CON_subord_come1_w_ipo_s194490_4 einz_ADV_ainc_ainz_w_ipo_s194490_5	1
cum_CON_subord_come1_w_ipo_s194557_1 est_VER_pres_3_sg_ester_estre1_w_ipo_s194557_2	1
cum_CON_subord_come1_w_ipo_s194638_4 avez_VER_pres_2_pl_avoir_w_ipo_s194638_5	1
cum_CON_subord_come1_w_kathe_s202196_1 au_PREDET_a_obj_masc_sg_a+le_le_w_kathe_s202196_2	1
cum_CON_subord_come1_w_lanvalC_s203318_1 ele_PRO_pers_suj_3_femi_sg_ele_il_w_lanvalC_s203318_2	1
cum_CON_subord_come1_w_lanvalH_s203964_1 ele_PRO_pers_suj_3_femi_sg_ele_il_w_lanvalH_s203964_2	1
cum_CON_subord_come1_w_malk_s221037_1 estoille_NOM_suj_femi_sg_estoile_estoire2_w_malk_s221037_2	1
cum_CON_subord_come1_w_martin2_s224682_3 el_PRO_pers_suj_3_femi_sg_il_w_martin2_s224682_4	1
cum_CON_subord_come1_w_martin2_s225041_4 esté_VER_pper_masc_sg_ester_estre1_w_martin2_s225041_5	1
cum_CON_subord_come1_w_martin2_s225306_2 a_PRE_a3_a_w_martin2_s225306_3	1
cum_CON_subord_come1_w_martin2_s225449_2 a_PRE_a3_a_w_martin2_s225449_3	1
cum_CON_subord_come1_w_michel_s236807_2 autbert_NPR_suj_masc_sg_autbert_w_michel_s236807_3	1
cum_CON_subord_come1_w_milunH_s237875_3 est_VER_pres_3_sg_ester_estre1_w_milunH_s237875_4	1
cum_CON_subord_come1_w_milunH_s238255_1 as_VER_pres_2_sg_avoir_w_milunH_s238255_2	1
cum_CON_subord_come1_w_mir_s239851_3 anemis_NOM_suj_masc_sg_enemi_w_mir_s239851_4	1
cum_CON_subord_come1_w_mir_s239880_2 ele_PRO_pers_suj_3_femi_sg_ele_il_w_mir_s239880_3	1
cum_CON_subord_come1_w_mir_s239901_1 orisons_NOM_suj_femi_sg_oraison_w_mir_s239901_2	1
cum_CON_subord_come1_w_mir_s239909_1 est_VER_pres_3_sg_ester_estre1_w_mir_s239909_2	1
cum_CON_subord_come1_w_mir_s240244_4 aisius_ADJ_suj_masc_sg_UNKNOWN_w_mir_s240244_5	1
cum_CON_subord_come1_w_modw_s241396_4 est_VER_pres_3_sg_ester_estre1_w_modw_s241396_5	1
cum_CON_subord_come1_w_modw_s241719_1 enz_ADV_enz_w_modw_s241719_2	1
cum_CON_subord_come1_w_modw_s241907_1 oi_VER_pper_masc_sg_avoir_öir_w_modw_s241907_2	1
cum_CON_subord_come1_w_modw_s242014_2 est_VER_pres_3_sg_ester_estre1_w_modw_s242014_3	1
cum_CON_subord_come1_w_modw_s242606_1 avant_PRE_avant_w_modw_s242606_2	1
cum_CON_subord_come1_w_modw_s242618_1 ele_PRO_pers_suj_3_femi_sg_ele_il_w_modw_s242618_2	1
cum_CON_subord_come1_w_modw_s242835_1 ele_PRO_pers_suj_3_femi_sg_ele_il_w_modw_s242835_2	1
cum_CON_subord_come1_w_modw_s243098_4 est_VER_pres_3_sg_ester_estre1_w_modw_s243098_5	1
cum_CON_subord_come1_w_moral_s243427_3 est_VER_pres_3_sg_ester_estre1_w_moral_s243427_4	1
cum_CON_subord_come1_w_mrgri_s250453_2 est_VER_pres_3_sg_ester_estre1_w_mrgri_s250453_3	1
cum_CON_subord_come1_w_myst_s251770_4 ad_VER_pres_3_sg_avoir_w_myst_s251770_5	1
cum_CON_subord_come1_w_myst_s252012_3 atendrai_VER_futu_1_sg_atendre_w_myst_s252012_4	1
cum_CON_subord_come1_w_myst_s252013_1 atendrai_VER_futu_1_sg_atendre_w_myst_s252013_2	1
cum_CON_subord_come1_w_myst_s252059_3 a_VER_pres_3_sg_a3_a_w_myst_s252059_4	1
cum_CON_subord_come1_w_myst_s252079_5 as_VER_pres_2_sg_a+le_le_w_myst_s252079_6	1
cum_CON_subord_come1_w_myst_s252082_1 entrerai_VER_futu_1_sg_entrer_w_myst_s252082_2	1
cum_CON_subord_come1_w_oakbook_s282129_9 y_EXC_i2_y_w_oakbook_s282129_10	1
cum_CON_subord_come1_w_pap_s289283_1 es_VER_pres_2_sg_en1+le_le_w_pap_s289283_2	1
cum_CON_subord_come1_w_pap_s289494_7 es_VER_pres_2_sg_en1+le_le_w_pap_s289494_8	1
cum_CON_subord_come1_w_percevalb_s304489_4 est_VER_pres_3_sg_ester_estre1_w_percevalb_s304489_5	1
cum_CON_subord_come1_w_percevalb_s306075_1 a_PRE_a3_a_w_percevalb_s306075_2	1
cum_CON_subord_come1_w_percevalb_s306140_3 au_PREDET_a_obj_masc_sg_a+le_le_w_percevalb_s306140_4	1
cum_CON_subord_come1_w_perh_s309077_2 auez_VER_pres_2_pl_aidier_w_perh_s309077_3	1
cum_CON_subord_come1_w_perh_s309635_1 a_PRE_a3_a_w_perh_s309635_2	1
cum_CON_subord_come1_w_poit_s326281_2 ela_PRO_pers_suj_3_femi_sg_il_w_poit_s326281_3	1
cum_CON_subord_come1_w_poit_s326776_1 ardiz_ADJ_suj_masc_sg_hardi_w_poit_s326776_2	1
cum_CON_subord_come1_w_poit_s327557_6 en_PRO_clit_en2_en_w_poit_s327557_7	1
cum_CON_subord_come1_w_poit_s328333_2 a_PRE_a3_a_w_poit_s328333_3	1
cum_CON_subord_come1_w_poit_s328576_3 acil_PRO_demo_suj_masc_pl_cel_w_poit_s328576_4	1
cum_CON_subord_come1_w_poit_s328792_7 en_PRE_en2_en_w_poit_s328792_8	1
cum_CON_subord_come1_w_poit_s328817_10 adampz_NPR_suj_masc_sg_UNKNOWN_w_poit_s328818_1	1
cum_CON_subord_come1_w_poit_s328920_6 ela_PRO_pers_suj_3_femi_sg_il_w_poit_s328920_7	1
cum_CON_subord_come1_w_psautier_s332317_1 aunassent_VER_subi_3_pl_äuner_w_psautier_s332317_2	1
cum_CON_subord_come1_w_psautier_s332362_6 enarsist_VER_simp_3_sg_UNKNOWN_w_psautier_s332362_7	1
cum_CON_subord_come1_w_psautier_s332397_3 en_PRE_en1_en_w_psautier_s332397_4	1
cum_CON_subord_come1_w_psautier_s332508_2 a_PRE_a3_a_w_psautier_s332508_3	1
cum_CON_subord_come1_w_psautier_s332508_6 a_PRE_a3_a_w_psautier_s332508_7	1
cum_CON_subord_come1_w_psautier_s332574_3 erbe_NOM_suj_femi_sg_erbe_w_psautier_s332574_4	1
cum_CON_subord_come1_w_psautier_s332682_1 encuntre_PRE_encontre1_encontre_w_psautier_s332682_2	1
cum_CON_subord_come1_w_psautier_s332837_1 esteit_VER_impf_3_sg_ester_estre_w_psautier_s332837_2	1
cum_CON_subord_come1_w_psautier_s333102_4 arichit_VER_pper_masc_sg_arichir_w_psautier_s333102_5	1
cum_CON_subord_come1_w_psautier_s333408_5 en_PRE_en1_en_w_psautier_s333408_6	1
cum_CON_subord_come1_w_psautier_s333626_4 espoentables_ADJ_suj_femi_pl_espöentable_w_psautier_s333626_5	1
cum_CON_subord_come1_w_psautier_s334473_3 adam_NPR_suj_masc_sg_adam_w_psautier_s334473_4	1
cum_CON_subord_come1_w_psautier_s334493_5 a_PRE_a3_a_w_psautier_s334493_6	1
cum_CON_subord_come1_w_psautier_s334497_7 oreb_NPR_obj_masc_sg_UNKNOWN_w_psautier_s334497_8	1
cum_CON_subord_come1_w_psautier_s335167_1 assemblé_VER_pper_masc_sg_assembler_w_psautier_s335167_2	1
cum_CON_subord_come1_w_psautier_s336427_5 esjoissable_ADJ_suj_femi_sg_esjöissable_w_psautier_s336427_6	1
cum_CON_subord_come1_w_psautier_s336603_4 encurable_ADJ_suj_masc_pl_UNKNOWN_w_psautier_s336603_5	1
cum_CON_subord_come1_w_psautier_s336651_7 encens_NOM_suj_masc_sg_encens_w_psautier_s336651_8	1
cum_CON_subord_come1_w_pseuturp_s337384_2 ot_VER_simp_3_sg_avoir_öir_w_pseuturp_s337384_3	1
cum_CON_subord_come1_w_pseuturp_s337477_27 on_PRO_invar_on_w_pseuturp_s337477_28	1
cum_CON_subord_come1_w_pseuturp_s337535_2 altumajors_NPR_suj_masc_sg_UNKNOWN_w_pseuturp_s337535_3	1
cum_CON_subord_come1_w_reis_s340841_6 armarie_NOM_suj_masc_sg_UNKNOWN_w_reis_s340841_7	1
cum_CON_subord_come1_w_reis_s341043_3 ele_PRO_pers_suj_3_femi_sg_ele_il_w_reis_s341043_4	1
cum_CON_subord_come1_w_reis_s341415_7 ad_VER_pres_3_sg_avoir_w_reis_s341415_8	1
cum_CON_subord_come1_w_reis_s341823_4 einz_ADV_ainc_ainz_w_reis_s341823_5	1
cum_CON_subord_come1_w_reis_s343780_8 ele_PRO_pers_suj_3_femi_sg_ele_il_w_reis_s343780_9	1
cum_CON_subord_come1_w_reis_s344411_10 areuma_NPR_suj_femi_sg_UNKNOWN_w_reis_s344411_11	1
cum_CON_subord_come1_w_reis_s345810_9 abia_NPR_suj_masc_sg_abia_w_reis_s345810_10	1
cum_CON_subord_come1_w_reis_s346828_3 ele_PRO_pers_suj_3_femi_sg_ele_il_w_reis_s346828_4	1
cum_CON_subord_come1_w_reis_s347088_9 en_PRE_en1_en_w_reis_s347088_10	1
cum_CON_subord_come1_w_reis_s347106_3 ele_PRO_pers_suj_3_femi_sg_ele_il_w_reis_s347106_4	1
cum_CON_subord_come1_w_rolandox_s357005_4 or_ADV_or4_or_w_rolandox_s357005_5	1
cum_CON_subord_come1_w_rolandox_s357624_4 es_VER_pres_2_sg_en1+le_le_w_rolandox_s357624_5	1
cum_CON_subord_come1_w_rolandox_s357652_4 es_VER_pres_2_sg_en1+le_le_w_rolandox_s357652_5	1
cum_CON_subord_come1_w_rolandox_s358208_1 en_PRE_en1_en_w_rolandox_s358208_2	1
cum_CON_subord_come1_w_rolandox_s358418_1 ad_VER_pres_3_sg_avoir_w_rolandox_s358418_2	1
cum_CON_subord_come1_w_rolandox_s358842_4 ocient_VER_pres_3_pl_ocire_w_rolandox_s358842_5	1
cum_CON_subord_come1_w_rou3a_s382381_2 ele_PRO_pers_suj_3_femi_sg_ele_il_w_rou3a_s382381_3	1
cum_CON_subord_come1_w_rou3b_s383086_3 a_PRE_a3_a_w_rou3b_s383086_4	1
cum_CON_subord_come1_w_rou3b_s383115_2 engleis_NOM_obj_masc_pl_englois_w_rou3b_s383115_3	1
cum_CON_subord_come1_w_rou3b_s383493_2 en_PRE_en1_en_w_rou3b_s383493_3	1
cum_CON_subord_come1_w_sergbH_s392471_2 est_VER_pres_2_sg_ester_estre1_w_sergbH_s392471_3	1
cum_CON_subord_come1_w_sergbH_s392641_2 ad_VER_pres_3_sg_avoir_w_sergbH_s392641_3	1
cum_CON_subord_come1_w_sergbH_s393127_6 al_PREDET_a_obj_masc_sg_a+le_le_w_sergbH_s393127_7	1
cum_CON_subord_come1_w_sergbH_s393250_4 en_PRO_clit_en2_en_w_sergbH_s393250_5	1
cum_CON_subord_come1_w_sergbO_s393784_3 ele_PRO_pers_suj_3_femi_sg_ele_il_w_sergbO_s393784_4	1
cum_CON_subord_come1_w_sergbO_s393878_1 ad_VER_pres_3_sg_avoir_w_sergbO_s393878_2	1
cum_CON_subord_come1_w_sully2_s396599_2 ou_PRO_invar_o_où_w_sully2_s396599_3	1
cum_CON_subord_come1_w_sully2_s396775_6 ele_PRO_pers_suj_3_femi_sg_ele_il_w_sully2_s396776_1	1
cum_CON_subord_come1_w_sully2_s396823_4 ele_PRO_pers_suj_3_femi_sg_ele_il_w_sully2_s396823_5	1
cum_CON_subord_come1_w_sully2_s396966_1 ele_PRO_pers_suj_3_femi_sg_ele_il_w_sully2_s396966_2	1
cum_CON_subord_come1_w_sully2_s397094_5 ele_PRO_pers_suj_3_femi_sg_ele_il_w_sully2_s397094_6	1
cum_CON_subord_come1_w_sully2_s397412_2 en_PRE_en1_en_w_sully2_s397412_3	1
cum_CON_subord_come1_w_sully2_s397758_8 est_VER_pres_3_sg_ester_estre1_w_sully2_s397759_1	1
cum_CON_subord_come1_w_sully2_s398075_3 est_VER_pres_3_sg_ester_estre1_w_sully2_s398075_4	1
cum_CON_subord_come1_w_sully2_s398136_2 est_VER_pres_3_sg_ester_estre1_w_sully2_s398136_3	1
cum_CON_subord_come1_w_sully2_s398139_2 est_VER_pres_3_sg_ester_estre1_w_sully2_s398139_3	1
cum_CON_subord_come1_w_sully2_s398241_8 a_PRE_a3_a_w_sully2_s398241_9	1
cum_CON_subord_come1_w_sully2_s398319_7 aus_PREDET_a_obj_masc_pl_a+le_le_w_sully2_s398319_8	1
cum_CON_subord_come1_w_sully2_s398344_7 eret_VER_impf_3_sg_estre_w_sully2_s398344_8	1
cum_CON_subord_come1_w_sully2_s398386_2 autre_ADJ_suj_femi_sg_autre_w_sully2_s398386_3	1
cum_CON_subord_come1_w_sully2_s398421_2 a_VER_pres_3_sg_a3_a_w_sully2_s398421_3	1
cum_CON_subord_come1_w_sully2_s398473_5 ele_PRO_pers_suj_3_femi_sg_ele_il_w_sully2_s398473_6	1
cum_CON_subord_come1_w_sully2_s399137_3 eles_PRO_pers_suj_3_femi_pl_ele_il_w_sully2_s399137_4	1
cum_CON_subord_come1_w_sully2_s399294_3 est_VER_pres_3_sg_ester_estre1_w_sully2_s399294_4	1
cum_CON_subord_come1_w_sully2_s399513_5 est_VER_pres_3_sg_ester_estre1_w_sully2_s399513_6	1
cum_CON_subord_come1_w_sully2_s399549_2 a_PRE_a3_a_w_sully2_s399549_3	1
cum_CON_subord_come1_w_sully2_s399549_8 est_VER_pres_3_sg_ester_estre1_w_sully2_s399549_9	1
cum_CON_subord_come1_w_sully2_s399621_10 aa_ADJ_suj_masc_sg_UNKNOWN_w_sully2_s399621_11	1
cum_CON_subord_come1_w_sully2_s399701_10 ele_PRO_pers_suj_3_femi_sg_ele_il_w_sully2_s399701_11	1
cum_CON_subord_come1_w_sully2_s399703_11 ele_PRO_pers_suj_3_femi_sg_ele_il_w_sully2_s399703_12	1
cum_CON_subord_come1_w_sully2_s399756_9 a_PRE_avoir_w_sully2_s399756_10	1
cum_CON_subord_come1_w_sully2_s399796_2 a_PRE_a3_a_w_sully2_s399796_3	1
cum_CON_subord_come1_w_sully2_s399803_2 est_VER_pres_3_sg_ester_estre1_w_sully2_s399803_3	1
cum_CON_subord_come1_w_sully2_s400117_5 ama_VER_simp_3_sg_aamer_amer1_w_sully2_s400117_6	1
cum_CON_subord_come1_w_sully2_s400324_7 au_PREDET_a_obj_masc_sg_a+le_le_w_sully2_s400324_8	1
cum_CON_subord_come1_w_sully2_s400501_5 efforce_VER_pres_3_sg_esforcier_w_sully2_s400501_6	1
cum_CON_subord_come1_w_sully2_s400524_6 est_VER_pres_3_sg_ester_estre1_w_sully2_s400524_7	1
cum_CON_subord_come1_w_sully2_s400820_2 est_VER_pres_3_sg_ester_estre1_w_sully2_s400820_3	1
cum_CON_subord_come1_w_teo2_s401158_1 as_PREDET_a_obj_masc_pl_a+le_le_w_teo2_s401158_2	1
cum_CON_subord_come1_w_teo2_s401698_1 ainz_ADV_ainc_ainz_w_teo2_s401698_2	1
cum_CON_subord_come1_w_thebefrag_s403331_1 en_PRE_en2_en_w_thebefrag_s403331_2	1
cum_CON_subord_come1_w_troifr_s409497_1 ele_PRO_pers_suj_3_femi_sg_ele_il_w_troifr_s409497_2	1
cum_CON_subord_come1_w_turp_s409518_3 a_PRE_a3_a_w_turp_s409518_4	1
cum_CON_subord_come1_w_turp_s409521_43 ele_PRO_pers_suj_3_femi_sg_ele_il_w_turp_s409521_44	1
cum_CON_subord_come1_w_turp_s409670_4 ardiz_ADJ_suj_masc_sg_hardi_w_turp_s409670_5	1
cum_CON_subord_come1_w_turp_s409938_11 en_PRO_clit_en2_en_w_turp_s409938_12	1
cum_CON_subord_come1_w_yonecH_s430830_3 ele_PRO_pers_suj_3_femi_sg_ele_il_w_yonecH_s430830_4	1
cum_CON_subord_come1_w_yonecH_s430914_3 ele_PRO_pers_suj_3_femi_sg_ele_il_w_yonecH_s430914_4	1
cum_CON_subord_come1_w_yonecH_s430938_3 ele_PRO_pers_suj_3_femi_sg_ele_il_w_yonecH_s430938_4	1
cum_CON_subord_come1_w_yonecH_s430987_2 est_VER_pres_3_sg_ester_estre1_w_yonecH_s430987_3	1
